CASE_ID,Activity,Resource,StartTimestamp,Amount,CompleteTimestamp,Duration
9164,W-Afhandelen leads,11003,2012.01.30 13:28:50,7500,2012.01.30 13:31:24,2
9164,W-Completeren aanvraag,11201,2012.01.30 18:26:58,7500,2012.01.30 18:28:48,1
9164,W-Completeren aanvraag,11003,2012.01.31 13:40:17,7500,2012.01.31 13:42:36,2
9164,W-Completeren aanvraag,11003,2012.01.31 13:42:59,7500,2012.01.31 13:44:33,1
9165,W-Afhandelen leads,10909,2012.01.19 10:36:20,4900,2012.01.19 10:39:10,2
9165,W-Completeren aanvraag,no resuource,2012.01.19 13:05:41,4900,2012.01.19 13:05:48,0
9165,W-Completeren aanvraag,10909,2012.01.19 15:06:01,4900,2012.01.19 15:07:36,1
9165,W-Completeren aanvraag,11119,2012.01.19 18:44:26,4900,2012.01.19 18:45:05,0
9165,W-Completeren aanvraag,11181,2012.01.26 17:00:55,4900,2012.01.26 17:02:40,1
9165,W-Completeren aanvraag,11119,2012.02.02 17:03:50,4900,2012.02.02 17:05:11,1
9165,W-Completeren aanvraag,11019,2012.02.09 12:35:02,4900,2012.02.09 12:35:07,0
9165,W-Completeren aanvraag,11003,2012.02.09 18:25:54,4900,2012.02.09 18:29:28,3
9165,W-Completeren aanvraag,11003,2012.02.14 17:55:03,4900,2012.02.14 17:55:09,0
9165,W-Completeren aanvraag,11003,2012.02.14 17:55:03,4900,2012.02.18 09:15:41,5240
9166,W-Afhandelen leads,10913,2011.11.17 17:30:18,3000,2011.11.17 17:31:55,1
9167,W-Afhandelen leads,10939,2011.12.09 11:35:37,8400,2011.12.09 11:37:44,2
9168,W-Afhandelen leads,11119,2011.11.17 19:20:53,5000,2011.11.17 19:22:07,1
9169,W-Beoordelen fraude,10188,2011.12.07 20:37:41,6000,2011.12.07 20:37:46,0
9169,W-Beoordelen fraude,10188,2011.12.09 14:42:12,6000,2011.12.09 14:42:31,0
9170,W-Afhandelen leads,11169,2012.01.13 09:24:45,7500,2012.01.13 09:27:10,2
9170,W-Completeren aanvraag,11189,2012.01.13 09:33:33,7500,2012.01.13 09:39:44,6
9170,W-Completeren aanvraag,10913,2012.01.14 13:07:51,7500,2012.01.14 13:09:25,1
9170,W-Completeren aanvraag,11121,2012.01.16 09:50:54,7500,2012.01.16 09:57:08,6
9170,W-Completeren aanvraag,11121,2012.01.16 14:26:29,7500,2012.01.16 14:27:54,1
9171,W-Afhandelen leads,10931,2012.01.09 09:53:20,12000,2012.01.09 09:57:37,4
9171,W-Completeren aanvraag,11181,2012.01.09 14:38:46,12000,2012.01.09 14:39:00,0
9171,W-Completeren aanvraag,10929,2012.01.09 18:28:10,12000,2012.01.09 18:28:21,0
9171,W-Completeren aanvraag,10881,2012.01.09 20:36:22,12000,2012.01.09 20:37:34,1
9171,W-Completeren aanvraag,10861,2012.01.11 11:25:55,12000,2012.01.11 11:34:25,8
9172,W-Completeren aanvraag,11189,2012.01.17 11:29:16,20000,2012.01.17 11:32:11,2
9172,W-Completeren aanvraag,10932,2012.01.17 11:47:13,20000,2012.01.17 11:47:20,0
9172,W-Completeren aanvraag,10932,2012.01.17 11:47:30,20000,2012.01.17 11:47:39,0
9172,W-Completeren aanvraag,11189,2012.01.17 11:54:36,20000,2012.01.17 12:03:38,9
9172,W-Completeren aanvraag,10932,2012.01.17 14:37:12,20000,2012.01.17 14:43:08,5
9172,W-Completeren aanvraag,10881,2012.01.18 12:50:23,20000,2012.01.18 12:54:56,4
9172,W-Completeren aanvraag,11180,2012.01.18 17:21:27,20000,2012.01.18 17:24:02,2
9172,W-Completeren aanvraag,11201,2012.01.19 19:51:27,20000,2012.01.19 19:53:22,1
9172,W-Completeren aanvraag,10913,2012.01.21 15:30:35,20000,2012.01.21 15:31:25,0
9172,W-Completeren aanvraag,11119,2012.01.23 20:33:51,20000,2012.01.23 20:41:21,7
9172,W-Completeren aanvraag,11179,2012.01.25 10:52:12,20000,2012.01.25 10:52:36,0
9172,W-Completeren aanvraag,11179,2012.01.25 10:52:12,20000,2012.02.17 09:15:08,33022
9173,W-Afhandelen leads,10939,2011.12.31 13:21:47,10000,2011.12.31 13:22:03,0
9173,W-Afhandelen leads,10939,2011.12.31 14:14:07,10000,2011.12.31 14:15:45,1
9174,W-Afhandelen leads,10932,2011.11.17 16:48:21,10000,2011.11.17 16:54:25,6
9174,W-Afhandelen leads,10913,2011.11.17 17:23:08,10000,2011.11.17 17:24:00,0
9175,W-Completeren aanvraag,11179,2012.02.01 09:11:55,2000,2012.02.01 09:21:26,9
9175,W-Completeren aanvraag,11179,2012.02.01 09:42:56,2000,2012.02.01 09:48:48,5
9176,W-Completeren aanvraag,10909,2011.12.21 11:55:48,30000,2011.12.21 11:56:48,1
9176,W-Completeren aanvraag,11189,2011.12.21 12:20:58,30000,2011.12.21 12:29:59,9
9177,W-Completeren aanvraag,no resuource,2011.11.17 11:09:09,25000,2011.11.17 11:13:36,4
9177,W-Completeren aanvraag,no resuource,2011.11.19 10:21:51,25000,2011.11.19 10:22:36,0
9177,W-Completeren aanvraag,no resuource,2011.11.19 10:54:30,25000,2011.11.19 10:56:17,1
9177,W-Completeren aanvraag,no resuource,2011.11.19 10:56:24,25000,2011.11.19 11:37:08,40
9177,W-Completeren aanvraag,no resuource,2011.11.19 11:37:40,25000,2011.11.19 11:38:38,0
9178,W-Completeren aanvraag,11169,2012.01.12 14:57:53,20000,2012.01.12 15:03:26,5
9178,W-Completeren aanvraag,11169,2012.01.12 15:04:31,20000,2012.01.12 15:09:48,5
9179,W-Completeren aanvraag,11179,2011.12.07 13:45:55,6000,2011.12.07 13:49:15,3
9179,W-Completeren aanvraag,no resuource,2011.12.07 17:57:40,6000,2011.12.07 18:05:09,7
9180,W-Completeren aanvraag,11189,2012.01.03 09:01:02,25000,2012.01.03 09:19:53,18
9181,W-Completeren aanvraag,11169,2011.12.13 13:13:50,5000,2011.12.13 13:28:35,14
9182,W-Completeren aanvraag,10910,2012.01.24 20:23:46,7500,2012.01.24 20:25:52,2
9182,W-Completeren aanvraag,11180,2012.01.30 09:29:41,7500,2012.01.30 09:29:47,0
9182,W-Completeren aanvraag,11180,2012.01.30 11:10:20,7500,2012.01.30 11:12:38,2
9182,W-Completeren aanvraag,11180,2012.01.30 15:20:46,7500,2012.01.30 15:21:54,1
9182,W-Completeren aanvraag,11169,2012.01.31 10:34:56,7500,2012.01.31 10:35:22,0
9182,W-Completeren aanvraag,11179,2012.02.01 09:24:33,7500,2012.02.01 09:25:54,1
9182,W-Completeren aanvraag,11119,2012.02.01 20:22:29,7500,2012.02.01 20:24:11,1
9182,W-Completeren aanvraag,11119,2012.02.02 17:00:12,7500,2012.02.02 17:00:23,0
9182,W-Completeren aanvraag,no resuource,2012.02.02 17:06:52,7500,2012.02.02 17:10:09,3
9182,W-Completeren aanvraag,11119,2012.02.02 18:24:10,7500,2012.02.02 18:24:18,0
9182,W-Completeren aanvraag,no resuource,2012.02.02 19:09:36,7500,2012.02.02 19:09:46,0
9182,W-Completeren aanvraag,11180,2012.02.02 19:16:41,7500,2012.02.02 19:18:49,2
9182,W-Completeren aanvraag,10913,2012.02.04 15:17:53,7500,2012.02.04 15:19:56,2
9182,W-Completeren aanvraag,11019,2012.02.09 09:14:06,7500,2012.02.09 09:15:13,1
9182,W-Completeren aanvraag,10933,2012.02.09 19:07:52,7500,2012.02.09 19:09:37,1
9182,W-Completeren aanvraag,11019,2012.02.10 14:26:23,7500,2012.02.10 14:40:34,14
9182,W-Completeren aanvraag,10909,2012.02.11 12:17:45,7500,2012.02.11 12:18:08,0
9182,W-Completeren aanvraag,11169,2012.02.15 16:05:15,7500,2012.02.16 06:15:04,849
9182,W-Completeren aanvraag,11169,2012.02.15 16:05:15,7500,2012.02.24 09:15:12,12549
9183,W-Afhandelen leads,11169,2011.11.17 11:48:33,8500,2011.11.17 11:58:15,9
9183,W-Afhandelen leads,11169,2011.11.17 12:28:26,8500,2011.11.17 12:28:39,0
9183,W-Completeren aanvraag,11119,2011.11.17 17:32:56,8500,2011.11.17 17:34:47,1
9183,W-Completeren aanvraag,11201,2011.11.18 13:20:22,8500,2011.11.18 13:21:32,1
9183,W-Completeren aanvraag,11201,2011.11.18 19:53:49,8500,2011.11.18 19:55:47,1
9183,W-Completeren aanvraag,11000,2011.11.19 10:59:16,8500,2011.11.19 11:00:37,1
9183,W-Completeren aanvraag,10861,2011.11.19 14:22:55,8500,2011.11.19 14:31:33,8
9184,W-Afhandelen leads,11000,2012.01.31 12:48:18,20000,2012.01.31 12:50:58,2
9184,W-Completeren aanvraag,11000,2012.01.31 12:51:09,20000,2012.01.31 13:03:23,12
9185,W-Afhandelen leads,10982,2012.01.03 20:33:51,22500,2012.01.03 20:34:37,0
9185,W-Completeren aanvraag,10929,2012.01.04 14:05:44,22500,2012.01.04 14:15:32,9
9186,W-Afhandelen leads,11169,2012.01.31 09:20:11,2500,2012.01.31 09:22:37,2
9186,W-Afhandelen leads,11169,2012.01.31 10:01:55,2500,2012.01.31 10:03:38,1
9186,W-Afhandelen leads,10228,2012.01.31 10:11:57,2500,2012.01.31 10:14:09,2
9186,W-Afhandelen leads,11169,2012.01.31 10:17:18,2500,2012.01.31 10:22:40,5
9187,W-Completeren aanvraag,11180,2011.11.17 18:20:39,35000,2011.11.17 18:23:55,3
9187,W-Completeren aanvraag,11201,2011.11.18 13:21:59,35000,2011.11.18 13:31:39,9
9187,W-Nabellen offertes,11201,2011.11.18 13:31:54,35000,2011.11.18 13:32:58,1
9187,W-Nabellen offertes,11000,2011.11.26 11:06:09,35000,2011.11.26 11:10:03,3
9187,W-Nabellen offertes,11119,2011.11.28 17:25:51,35000,2011.11.28 17:26:38,0
9187,W-Nabellen offertes,10899,2011.12.01 10:45:59,35000,2011.12.01 10:46:14,0
9187,W-Valideren aanvraag,10809,2011.12.05 14:52:23,35000,2011.12.05 15:08:21,15
9188,W-Completeren aanvraag,11309,2012.02.16 11:32:07,50000,2012.02.16 11:34:51,2
9188,W-Completeren aanvraag,11019,2012.02.16 13:44:24,50000,2012.02.16 13:48:46,4
9188,W-Completeren aanvraag,10933,2012.02.16 18:14:11,50000,2012.02.16 18:18:37,4
9189,W-Completeren aanvraag,10909,2012.02.20 14:56:09,8000,2012.02.20 14:59:43,3
9189,W-Completeren aanvraag,11203,2012.02.21 11:50:12,8000,2012.02.21 11:54:13,4
9189,W-Completeren aanvraag,11203,2012.02.21 11:56:56,8000,2012.02.21 11:59:48,2
9190,W-Completeren aanvraag,10939,2011.12.31 13:32:11,15000,2011.12.31 13:41:22,9
9191,W-Completeren aanvraag,11000,2011.12.22 12:15:45,12500,2011.12.22 12:23:32,7
9192,W-Completeren aanvraag,10929,2012.01.07 10:46:12,34000,2012.01.07 10:48:12,2
9192,W-Completeren aanvraag,10909,2012.01.07 10:55:22,34000,2012.01.07 11:04:42,9
9192,W-Nabellen offertes,no resuource,2012.01.17 11:52:47,34000,2012.01.17 11:56:59,4
9193,W-Afhandelen leads,10932,2011.11.17 16:38:36,14100,2011.11.17 16:42:42,4
9193,W-Completeren aanvraag,11119,2011.11.17 19:00:02,14100,2011.11.17 19:02:47,2
9193,W-Completeren aanvraag,10913,2011.11.17 19:10:04,14100,2011.11.17 19:12:55,2
9193,W-Completeren aanvraag,10913,2011.11.17 19:13:02,14100,2011.11.17 19:18:54,5
9194,W-Afhandelen leads,11119,2011.11.17 17:01:50,10000,2011.11.17 17:02:37,0
9194,W-Completeren aanvraag,11119,2011.11.17 17:02:46,10000,2011.11.17 17:04:07,1
9194,W-Completeren aanvraag,11119,2011.11.17 19:47:30,10000,2011.11.17 19:50:04,2
9194,W-Completeren aanvraag,10910,2011.11.18 09:16:35,10000,2011.11.18 09:26:55,10
9195,W-Afhandelen leads,11003,2011.12.09 09:03:40,15000,2011.12.09 09:07:40,4
9195,W-Afhandelen leads,11003,2011.12.09 09:07:46,15000,2011.12.09 09:07:57,0
9195,W-Completeren aanvraag,11003,2011.12.09 10:33:09,15000,2011.12.09 10:40:47,7
9196,W-Afhandelen leads,10932,2012.02.03 11:28:41,30000,2012.02.03 11:30:08,1
9196,W-Completeren aanvraag,11179,2012.02.03 12:39:09,30000,2012.02.03 12:42:56,3
9196,W-Completeren aanvraag,11179,2012.02.06 12:31:35,30000,2012.02.06 12:31:46,0
9196,W-Completeren aanvraag,11180,2012.02.06 13:23:07,30000,2012.02.06 13:23:20,0
9196,W-Completeren aanvraag,10982,2012.02.06 16:14:43,30000,2012.02.06 16:14:56,0
9196,W-Completeren aanvraag,11180,2012.02.06 17:07:41,30000,2012.02.06 17:11:10,3
9196,W-Completeren aanvraag,10982,2012.02.14 13:44:47,30000,2012.02.14 13:44:58,0
9196,W-Completeren aanvraag,11019,2012.03.02 16:37:52,30000,2012.03.02 16:38:25,0
9196,W-Completeren aanvraag,11019,2012.03.02 16:37:52,30000,2012.03.04 09:15:07,2437
9197,W-Afhandelen leads,11122,2012.01.13 20:35:23,6000,2012.01.13 20:37:33,2
9197,W-Completeren aanvraag,10929,2012.01.14 14:02:27,6000,2012.01.14 14:04:20,1
9197,W-Completeren aanvraag,11121,2012.01.16 12:02:34,6000,2012.01.16 12:03:24,0
9197,W-Completeren aanvraag,11019,2012.01.21 15:21:34,6000,2012.01.21 15:23:21,1
9197,W-Completeren aanvraag,11019,2012.01.23 14:43:13,6000,2012.01.23 14:47:13,4
9198,W-Completeren aanvraag,11019,2011.12.21 15:37:05,20000,2011.12.21 15:46:08,9
9198,W-Nabellen offertes,11189,2011.12.28 13:06:47,20000,2011.12.28 13:10:49,4
9198,W-Nabellen offertes,11181,2011.12.28 18:10:36,20000,2011.12.28 18:12:00,1
9198,W-Nabellen offertes,10909,2011.12.28 18:45:12,20000,2011.12.28 18:49:48,4
9198,W-Nabellen offertes,no resuource,2012.01.13 18:07:53,20000,2012.01.13 18:09:35,1
9199,W-Afhandelen leads,10914,2012.01.12 14:35:31,2000,2012.01.12 14:45:09,9
9199,W-Completeren aanvraag,11122,2012.01.12 19:36:13,2000,2012.01.12 19:36:22,0
9199,W-Completeren aanvraag,11122,2012.01.12 19:54:18,2000,2012.01.12 20:03:10,8
9200,W-Afhandelen leads,11169,2011.12.13 11:39:33,50000,2011.12.13 11:40:58,1
9200,W-Completeren aanvraag,11189,2011.12.13 12:02:01,50000,2011.12.13 12:05:21,3
9200,W-Completeren aanvraag,11121,2011.12.13 12:32:22,50000,2011.12.13 12:49:00,16
9201,W-Completeren aanvraag,no resuource,2011.12.07 20:53:57,6000,2011.12.07 20:54:37,0
9201,W-Completeren aanvraag,11169,2011.12.08 11:00:55,6000,2011.12.08 11:04:50,3
9201,W-Completeren aanvraag,11201,2011.12.08 19:45:28,6000,2011.12.08 19:47:45,2
9201,W-Completeren aanvraag,11203,2011.12.09 18:09:53,6000,2011.12.09 18:11:09,1
9201,W-Completeren aanvraag,no resuource,2011.12.10 12:28:30,6000,2011.12.10 12:28:42,0
9201,W-Completeren aanvraag,no resuource,2011.12.10 12:41:37,6000,2011.12.10 12:43:02,1
9201,W-Completeren aanvraag,11201,2011.12.12 20:23:40,6000,2011.12.12 20:26:07,2
9202,W-Completeren aanvraag,11181,2011.12.15 17:08:54,9000,2011.12.15 17:12:37,3
9202,W-Completeren aanvraag,10910,2011.12.16 11:10:05,9000,2011.12.16 11:10:30,0
9202,W-Completeren aanvraag,10932,2011.12.16 12:23:19,9000,2011.12.16 12:30:51,7
9203,W-Completeren aanvraag,11169,2011.11.18 09:58:45,2000,2011.11.18 10:10:10,11
9203,W-Completeren aanvraag,10932,2011.11.18 10:36:28,2000,2011.11.18 10:40:46,4
9203,W-Nabellen offertes,10982,2011.11.24 10:13:22,2000,2011.11.24 10:15:52,2
9204,W-Completeren aanvraag,11000,2011.11.26 14:04:39,12500,2011.11.26 14:16:07,11
9204,W-Nabellen offertes,11000,2011.11.26 14:20:40,12500,2011.11.26 14:22:18,1
9204,W-Nabellen offertes,11000,2011.12.03 16:34:13,12500,2011.12.03 16:39:04,4
9204,W-Nabellen offertes,10861,2011.12.08 14:43:46,12500,2011.12.08 14:45:40,1
9204,W-Nabellen offertes,10909,2011.12.09 20:18:47,12500,2011.12.09 20:20:07,1
9204,W-Nabellen offertes,no resuource,2011.12.10 15:16:03,12500,2011.12.10 15:23:06,7
9204,W-Nabellen offertes,no resuource,2011.12.10 16:00:36,12500,2011.12.10 16:01:11,0
9204,W-Nabellen offertes,11180,2011.12.12 20:06:08,12500,2011.12.12 20:07:26,1
9205,W-Completeren aanvraag,11181,2012.01.05 10:22:28,10000,2012.01.05 10:24:23,1
9205,W-Completeren aanvraag,10861,2012.01.05 15:22:38,10000,2012.01.05 15:23:16,0
9205,W-Completeren aanvraag,10861,2012.01.05 18:39:58,10000,2012.01.05 18:40:39,0
9205,W-Completeren aanvraag,10913,2012.01.07 12:29:21,10000,2012.01.07 12:29:56,0
9205,W-Completeren aanvraag,no resuource,2012.01.10 15:43:05,10000,2012.01.10 15:46:19,3
9205,W-Completeren aanvraag,10863,2012.01.11 13:14:10,10000,2012.01.11 13:55:44,41
9205,W-Completeren aanvraag,10932,2012.01.11 14:20:01,10000,2012.01.11 14:20:16,0
9205,W-Completeren aanvraag,11169,2012.01.12 11:17:20,10000,2012.01.12 11:17:38,0
9205,W-Completeren aanvraag,10909,2012.01.13 20:34:55,10000,2012.01.13 20:35:15,0
9205,W-Completeren aanvraag,10861,2012.01.14 14:37:21,10000,2012.01.14 14:37:53,0
9205,W-Completeren aanvraag,11169,2012.01.17 11:21:41,10000,2012.01.17 11:42:09,20
9205,W-Completeren aanvraag,11201,2012.01.17 13:04:34,10000,2012.01.17 13:04:48,0
9205,W-Completeren aanvraag,11169,2012.01.18 14:51:46,10000,2012.01.18 14:52:04,0
9205,W-Completeren aanvraag,11180,2012.01.18 19:38:05,10000,2012.01.18 19:40:18,2
9205,W-Completeren aanvraag,10912,2012.02.01 16:57:18,10000,2012.02.01 16:58:10,0
9205,W-Completeren aanvraag,10912,2012.02.01 16:57:18,10000,2012.02.04 09:15:33,3858
9206,W-Completeren aanvraag,10913,2011.12.24 16:17:01,5000,2011.12.24 16:19:30,2
9206,W-Completeren aanvraag,11201,2011.12.27 10:12:15,5000,2011.12.27 10:12:56,0
9206,W-Completeren aanvraag,11201,2011.12.27 11:06:16,5000,2011.12.27 11:07:50,1
9206,W-Completeren aanvraag,11201,2011.12.27 11:28:26,5000,2011.12.27 11:29:25,0
9206,W-Completeren aanvraag,11179,2011.12.27 14:06:08,5000,2011.12.27 14:07:57,1
9206,W-Completeren aanvraag,11203,2011.12.27 17:44:25,5000,2011.12.27 17:47:02,2
9206,W-Completeren aanvraag,11181,2011.12.28 20:54:38,5000,2011.12.28 20:55:19,0
9206,W-Completeren aanvraag,11179,2011.12.29 10:29:05,5000,2011.12.29 10:29:13,0
9206,W-Completeren aanvraag,11180,2011.12.29 19:34:12,5000,2011.12.29 19:35:01,0
9206,W-Completeren aanvraag,11181,2011.12.30 20:13:45,5000,2011.12.30 20:14:44,0
9206,W-Completeren aanvraag,11121,2012.01.02 09:23:43,5000,2012.01.02 09:25:02,1
9206,W-Completeren aanvraag,11121,2012.01.02 10:15:42,5000,2012.01.02 10:15:53,0
9206,W-Completeren aanvraag,11180,2012.01.02 20:27:00,5000,2012.01.02 20:29:20,2
9206,W-Completeren aanvraag,11180,2012.01.02 20:27:00,5000,2012.01.24 09:15:11,31008
9207,W-Completeren aanvraag,11122,2012.02.21 16:28:00,50000,2012.02.21 16:37:16,9
9208,W-Afhandelen leads,10909,2012.01.31 14:55:41,15000,2012.01.31 14:57:03,1
9208,W-Completeren aanvraag,10909,2012.01.31 14:57:13,15000,2012.01.31 14:58:52,1
9208,W-Completeren aanvraag,11122,2012.01.31 18:04:01,15000,2012.01.31 18:07:44,3
9208,W-Completeren aanvraag,11019,2012.02.01 17:20:47,15000,2012.02.01 17:26:05,5
9208,W-Completeren aanvraag,11201,2012.02.02 09:51:46,15000,2012.02.02 09:52:33,0
9208,W-Completeren aanvraag,11119,2012.02.02 20:39:55,15000,2012.02.02 20:40:53,0
9208,W-Completeren aanvraag,11203,2012.02.03 14:42:21,15000,2012.02.03 14:43:48,1
9208,W-Completeren aanvraag,no resuource,2012.02.04 16:09:55,15000,2012.02.04 16:17:34,7
9208,W-Completeren aanvraag,10913,2012.02.06 16:05:55,15000,2012.02.06 16:10:04,4
9209,W-Completeren aanvraag,11201,2011.11.18 19:29:12,27500,2011.11.18 19:31:20,2
9209,W-Completeren aanvraag,no resuource,2011.11.18 19:34:09,27500,2011.11.18 19:34:26,0
9209,W-Completeren aanvraag,11000,2011.11.19 11:57:34,27500,2011.11.19 12:09:14,11
9209,W-Completeren aanvraag,11000,2011.11.19 12:09:21,27500,2011.11.19 12:10:05,0
9209,W-Completeren aanvraag,10913,2011.11.19 12:14:27,27500,2011.11.19 12:18:36,4
9210,W-Afhandelen leads,10939,2011.12.27 09:24:23,6000,2011.12.27 09:25:56,1
9210,W-Completeren aanvraag,11201,2011.12.27 11:34:57,6000,2011.12.27 11:38:45,3
9210,W-Completeren aanvraag,11179,2011.12.27 13:35:39,6000,2011.12.27 13:39:03,3
9210,W-Completeren aanvraag,11179,2011.12.27 13:54:10,6000,2011.12.27 13:54:56,0
9210,W-Completeren aanvraag,11122,2011.12.27 19:58:00,6000,2011.12.27 19:58:54,0
9210,W-Completeren aanvraag,11179,2011.12.29 09:13:31,6000,2011.12.29 09:16:32,3
9210,W-Completeren aanvraag,11179,2011.12.29 16:15:14,6000,2011.12.29 16:18:58,3
9210,W-Completeren aanvraag,11181,2011.12.29 19:47:08,6000,2011.12.29 19:48:39,1
9210,W-Completeren aanvraag,11181,2011.12.30 20:20:41,6000,2011.12.30 20:20:47,0
9210,W-Completeren aanvraag,no resuource,2011.12.30 20:56:26,6000,2011.12.30 20:56:43,0
9210,W-Completeren aanvraag,10939,2011.12.31 13:26:14,6000,2011.12.31 13:28:23,2
9210,W-Completeren aanvraag,11121,2012.01.02 13:39:40,6000,2012.01.02 13:40:18,0
9210,W-Completeren aanvraag,11180,2012.01.02 20:32:18,6000,2012.01.02 20:35:25,3
9210,W-Completeren aanvraag,11180,2012.01.02 20:32:18,6000,2012.01.26 09:15:23,33883
9211,W-Completeren aanvraag,11122,2012.01.02 18:26:03,15000,2012.01.02 18:43:24,17
9211,W-Completeren aanvraag,11122,2012.01.02 19:16:03,15000,2012.01.02 19:20:09,4
9211,W-Completeren aanvraag,11121,2012.01.16 12:27:20,15000,2012.01.16 12:27:25,0
9211,W-Completeren aanvraag,11201,2012.01.16 17:32:49,15000,2012.01.16 17:34:00,1
9211,W-Completeren aanvraag,11201,2012.01.17 14:37:54,15000,2012.01.17 14:40:02,2
9211,W-Completeren aanvraag,10913,2012.01.20 20:15:45,15000,2012.01.20 20:18:01,2
9211,W-Completeren aanvraag,11119,2012.01.23 20:03:43,15000,2012.01.23 20:04:09,0
9211,W-Completeren aanvraag,11119,2012.01.23 20:08:48,15000,2012.01.23 20:15:01,6
9212,W-Afhandelen leads,10910,2011.11.29 16:14:04,5000,2011.11.29 16:15:09,1
9212,W-Completeren aanvraag,no resuource,2011.11.29 17:52:00,5000,2011.11.29 17:56:44,4
9212,W-Completeren aanvraag,11121,2011.11.30 11:54:41,5000,2011.11.30 11:55:20,0
9212,W-Completeren aanvraag,11121,2011.11.30 12:21:53,5000,2011.11.30 12:22:50,0
9212,W-Completeren aanvraag,10939,2011.11.30 14:04:20,5000,2011.11.30 14:04:40,0
9212,W-Completeren aanvraag,10932,2011.11.30 14:16:32,5000,2011.11.30 14:18:27,1
9212,W-Completeren aanvraag,11179,2011.12.01 09:34:00,5000,2011.12.01 09:34:35,0
9212,W-Completeren aanvraag,10861,2011.12.01 18:43:05,5000,2011.12.01 18:43:48,0
9212,W-Completeren aanvraag,11002,2011.12.02 18:32:56,5000,2011.12.02 18:33:22,0
9212,W-Completeren aanvraag,11002,2011.12.02 19:52:38,5000,2011.12.02 19:54:44,2
9212,W-Completeren aanvraag,11203,2011.12.05 17:36:32,5000,2011.12.05 17:38:15,1
9212,W-Completeren aanvraag,11179,2011.12.06 18:44:57,5000,2011.12.06 18:48:07,3
9212,W-Completeren aanvraag,11179,2011.12.29 10:45:27,5000,2011.12.29 10:46:53,1
9212,W-Completeren aanvraag,11179,2011.12.29 10:47:04,5000,2011.12.29 10:47:18,0
9212,W-Completeren aanvraag,11180,2011.12.29 17:37:47,5000,2011.12.29 17:38:33,0
9212,W-Completeren aanvraag,11180,2011.12.29 17:37:47,5000,2011.12.30 09:15:07,937
9213,W-Completeren aanvraag,11003,2012.01.13 13:23:31,6000,2012.01.13 13:31:29,7
9213,W-Nabellen offertes,11003,2012.01.13 13:31:45,6000,2012.01.13 13:34:47,3
9213,W-Nabellen offertes,10899,2012.01.18 12:50:36,6000,2012.01.18 12:50:48,0
9213,W-Valideren aanvraag,10609,2012.01.19 13:14:06,6000,2012.01.19 13:43:01,28
9214,W-Afhandelen leads,11002,2011.12.02 15:56:57,20000,2011.12.02 16:20:28,23
9214,W-Completeren aanvraag,11002,2011.12.02 18:02:17,20000,2011.12.02 18:09:51,7
9214,W-Completeren aanvraag,11179,2011.12.03 12:21:57,20000,2011.12.03 12:22:07,0
9214,W-Completeren aanvraag,no resuource,2011.12.03 13:17:58,20000,2011.12.03 13:19:17,1
9214,W-Completeren aanvraag,no resuource,2011.12.03 15:12:20,20000,2011.12.03 15:13:14,0
9214,W-Completeren aanvraag,11180,2011.12.05 09:47:57,20000,2011.12.05 09:49:08,1
9214,W-Completeren aanvraag,11180,2011.12.05 14:30:51,20000,2011.12.05 14:37:19,6
9215,W-Completeren aanvraag,11179,2011.12.08 17:05:15,15000,2011.12.08 17:08:12,2
9215,W-Completeren aanvraag,11179,2011.12.08 17:54:40,15000,2011.12.08 17:56:21,1
9215,W-Completeren aanvraag,11003,2011.12.09 09:46:05,15000,2011.12.09 09:49:54,3
9215,W-Completeren aanvraag,no resuource,2011.12.09 13:50:00,15000,2011.12.09 13:51:42,1
9215,W-Completeren aanvraag,11201,2011.12.09 17:35:01,15000,2011.12.09 17:37:46,2
9215,W-Completeren aanvraag,no resuource,2011.12.10 11:05:37,15000,2011.12.10 11:33:42,28
9215,W-Completeren aanvraag,no resuource,2011.12.10 11:56:42,15000,2011.12.10 11:57:00,0
9215,W-Completeren aanvraag,no resuource,2011.12.10 15:18:48,15000,2011.12.10 15:19:25,0
9215,W-Completeren aanvraag,11201,2011.12.12 20:27:41,15000,2011.12.12 20:28:50,1
9215,W-Completeren aanvraag,no resuource,2011.12.13 20:00:14,15000,2011.12.13 20:02:11,1
9215,W-Completeren aanvraag,no resuource,2011.12.13 20:02:17,15000,2011.12.13 20:02:25,0
9215,W-Completeren aanvraag,no resuource,2011.12.13 20:02:17,15000,2012.01.08 09:15:21,36793
9216,W-Completeren aanvraag,10931,2011.11.19 16:05:58,25000,2011.11.19 16:16:10,10
9216,W-Completeren aanvraag,10931,2011.11.19 16:16:12,25000,2011.11.19 16:22:08,5
9216,W-Nabellen offertes,10789,2011.11.25 12:11:14,25000,2011.11.25 12:11:28,0
9216,W-Valideren aanvraag,10138,2011.11.30 15:59:19,25000,2011.11.30 16:19:19,20
9217,W-Afhandelen leads,11169,2012.01.12 09:08:45,50000,2012.01.12 09:09:38,0
9217,W-Completeren aanvraag,10910,2012.01.12 15:20:29,50000,2012.01.12 15:33:26,12
9218,W-Afhandelen leads,11121,2012.01.25 14:44:41,9000,2012.01.25 14:48:14,3
9218,W-Completeren aanvraag,11179,2012.01.25 15:15:45,9000,2012.01.25 15:19:09,3
9219,W-Completeren aanvraag,10881,2012.02.06 20:10:02,15000,2012.02.06 20:14:30,4
9219,W-Completeren aanvraag,10932,2012.02.07 16:53:49,15000,2012.02.07 16:55:14,1
9219,W-Completeren aanvraag,10932,2012.02.07 16:55:20,15000,2012.02.07 16:56:17,0
9219,W-Completeren aanvraag,10982,2012.02.14 13:45:24,15000,2012.02.14 13:45:33,0
9219,W-Completeren aanvraag,10982,2012.02.14 13:45:24,15000,2012.03.08 09:15:16,32849
9220,W-Completeren aanvraag,11180,2011.12.05 15:49:29,5000,2011.12.05 16:09:20,19
9220,W-Nabellen offertes,11180,2011.12.05 16:09:45,5000,2011.12.05 16:11:37,1
9220,W-Nabellen offertes,11121,2011.12.13 09:31:14,5000,2011.12.13 09:44:32,13
9220,W-Nabellen offertes,11119,2011.12.13 19:19:03,5000,2011.12.13 19:21:46,2
9221,W-Completeren aanvraag,11179,2012.01.09 10:21:42,50000,2012.01.09 10:25:16,3
9221,W-Completeren aanvraag,10863,2012.01.09 20:08:49,50000,2012.01.09 20:10:49,2
9221,W-Completeren aanvraag,10881,2012.01.09 20:32:43,50000,2012.01.09 20:33:13,0
9221,W-Completeren aanvraag,10881,2012.01.09 20:41:05,50000,2012.01.09 20:49:28,8
9222,W-Completeren aanvraag,11169,2012.01.03 11:09:02,15000,2012.01.03 11:17:06,8
9222,W-Completeren aanvraag,10863,2012.01.03 20:05:28,15000,2012.01.03 20:06:38,1
9222,W-Completeren aanvraag,10861,2012.01.04 18:26:07,15000,2012.01.04 18:26:54,0
9222,W-Completeren aanvraag,10861,2012.01.05 14:56:15,15000,2012.01.05 14:57:02,0
9222,W-Completeren aanvraag,11119,2012.01.05 19:00:27,15000,2012.01.05 19:00:36,0
9222,W-Completeren aanvraag,11119,2012.01.05 20:17:54,15000,2012.01.05 20:19:31,1
9222,W-Completeren aanvraag,10913,2012.01.07 12:31:51,15000,2012.01.07 12:32:37,0
9222,W-Completeren aanvraag,10863,2012.01.10 17:27:15,15000,2012.01.10 17:27:20,0
9222,W-Completeren aanvraag,10932,2012.01.11 10:26:52,15000,2012.01.11 15:06:45,279
9222,W-Completeren aanvraag,10861,2012.01.11 15:08:01,15000,2012.01.11 15:08:55,0
9222,W-Completeren aanvraag,11169,2012.01.12 14:21:52,15000,2012.01.12 14:26:25,4
9222,W-Completeren aanvraag,11169,2012.01.13 10:48:47,15000,2012.01.13 10:49:27,0
9222,W-Completeren aanvraag,10913,2012.01.14 11:58:10,15000,2012.01.14 11:59:26,1
9222,W-Completeren aanvraag,10932,2012.01.14 11:59:51,15000,2012.01.14 12:00:42,0
9222,W-Completeren aanvraag,10913,2012.01.16 20:39:21,15000,2012.01.16 20:43:33,4
9222,W-Completeren aanvraag,10910,2012.01.17 11:31:08,15000,2012.01.17 11:33:13,2
9222,W-Completeren aanvraag,10910,2012.01.17 11:31:08,15000,2012.02.02 09:15:24,22904
9223,W-Completeren aanvraag,10914,2012.01.12 14:02:47,3000,2012.01.12 14:05:36,2
9223,W-Completeren aanvraag,10913,2012.01.13 18:09:32,3000,2012.01.13 18:10:18,0
9223,W-Completeren aanvraag,10913,2012.01.13 18:10:30,3000,2012.01.13 18:10:39,0
9223,W-Completeren aanvraag,10861,2012.01.14 14:38:53,3000,2012.01.14 14:39:45,0
9223,W-Completeren aanvraag,11121,2012.01.16 12:05:15,3000,2012.01.16 12:06:30,1
9223,W-Completeren aanvraag,11169,2012.01.17 11:50:17,3000,2012.01.17 11:50:33,0
9223,W-Completeren aanvraag,11169,2012.01.18 14:45:17,3000,2012.01.18 14:45:31,0
9223,W-Completeren aanvraag,11180,2012.01.18 19:34:55,3000,2012.01.18 19:35:47,0
9223,W-Completeren aanvraag,11000,2012.01.20 09:54:30,3000,2012.01.20 09:55:48,1
9223,W-Completeren aanvraag,11002,2012.01.20 18:25:32,3000,2012.01.20 18:36:03,10
9223,W-Completeren aanvraag,11181,2012.01.26 18:47:03,3000,2012.01.26 18:47:53,0
9223,W-Completeren aanvraag,10982,2012.01.26 19:14:50,3000,2012.01.26 19:16:20,1
9223,W-Completeren aanvraag,11181,2012.01.27 14:02:45,3000,2012.01.27 14:03:49,1
9223,W-Completeren aanvraag,10982,2012.01.28 11:24:24,3000,2012.01.28 11:24:47,0
9223,W-Completeren aanvraag,10982,2012.01.28 11:24:24,3000,2012.02.11 09:15:41,20031
9224,W-Completeren aanvraag,11119,2012.02.27 17:51:37,10095,2012.02.27 17:54:06,2
9224,W-Completeren aanvraag,11180,2012.02.28 15:41:20,10095,2012.02.28 15:56:13,14
9224,W-Nabellen offertes,11180,2012.02.28 15:57:02,10095,2012.02.28 15:58:01,0
9224,W-Nabellen offertes,11119,2012.03.08 17:53:49,10095,2012.03.08 18:00:43,6
9225,W-Afhandelen leads,10863,2012.01.10 20:38:47,2500,2012.01.11 06:15:05,576
9225,W-Afhandelen leads,10809,2012.01.11 09:50:55,2500,2012.01.11 09:52:04,1
9225,W-Afhandelen leads,10861,2012.01.11 12:46:33,2500,2012.01.11 12:46:52,0
9226,W-Afhandelen leads,10939,2011.12.02 17:06:12,1000,2011.12.02 17:09:56,3
9226,W-Afhandelen leads,10939,2011.12.02 17:10:00,1000,2011.12.02 17:13:41,3
9226,W-Afhandelen leads,11122,2011.12.02 18:53:55,1000,2011.12.02 18:59:07,5
9227,W-Afhandelen leads,no resuource,2011.12.05 13:11:52,1500,2011.12.05 13:14:59,3
9227,W-Completeren aanvraag,10929,2011.12.05 15:15:55,1500,2011.12.05 15:18:20,2
9227,W-Completeren aanvraag,10982,2011.12.12 16:32:29,1500,2011.12.12 16:33:44,1
9227,W-Completeren aanvraag,11119,2011.12.19 18:08:42,1500,2011.12.19 18:10:18,1
9227,W-Completeren aanvraag,11119,2011.12.19 18:10:25,1500,2011.12.19 18:10:36,0
9227,W-Completeren aanvraag,11119,2011.12.19 18:10:25,1500,2012.01.05 09:15:07,23944
9228,W-Completeren aanvraag,no resuource,2011.11.21 19:46:27,9000,2011.11.21 19:48:45,2
9228,W-Completeren aanvraag,10861,2011.11.22 12:03:33,9000,2011.11.22 12:04:34,1
9228,W-Completeren aanvraag,no resuource,2011.11.22 12:04:36,9000,2011.11.22 12:05:25,0
9228,W-Completeren aanvraag,no resuource,2011.11.22 14:45:00,9000,2011.11.22 14:46:36,1
9228,W-Completeren aanvraag,no resuource,2011.11.22 15:45:43,9000,2011.11.22 15:45:54,0
9228,W-Completeren aanvraag,11121,2011.11.23 12:51:53,9000,2011.11.23 12:52:40,0
9228,W-Completeren aanvraag,10982,2011.11.24 09:51:44,9000,2011.11.24 09:52:48,1
9228,W-Completeren aanvraag,11121,2011.11.24 16:18:21,9000,2011.11.24 16:29:29,11
9228,W-Completeren aanvraag,11119,2011.11.24 17:13:07,9000,2011.11.24 17:15:31,2
9228,W-Completeren aanvraag,11201,2011.11.25 19:39:12,9000,2011.11.25 19:41:51,2
9228,W-Completeren aanvraag,11203,2011.11.26 15:04:00,9000,2011.11.26 15:05:53,1
9228,W-Completeren aanvraag,11169,2011.12.20 10:21:19,9000,2011.12.20 10:22:27,1
9228,W-Completeren aanvraag,11169,2011.12.20 10:21:19,9000,2011.12.22 09:15:24,2814
9229,W-Completeren aanvraag,11300,2012.02.20 15:39:01,5000,2012.02.20 15:42:20,3
9229,W-Completeren aanvraag,10861,2012.02.20 18:26:17,5000,2012.02.20 18:28:04,1
9229,W-Completeren aanvraag,11019,2012.02.21 20:36:33,5000,2012.02.21 20:38:51,2
9229,W-Completeren aanvraag,11003,2012.02.22 15:58:28,5000,2012.02.22 16:00:21,1
9229,W-Completeren aanvraag,10861,2012.02.22 20:06:05,5000,2012.02.22 20:06:41,0
9229,W-Completeren aanvraag,11309,2012.02.23 14:50:27,5000,2012.02.23 14:53:58,3
9230,W-Afhandelen leads,no resuource,2011.11.22 09:35:27,30000,2011.11.22 09:37:32,2
9230,W-Afhandelen leads,10861,2011.11.22 09:55:02,30000,2011.11.22 09:58:01,2
9230,W-Completeren aanvraag,10861,2011.11.22 12:06:35,30000,2011.11.22 12:12:02,5
9230,W-Completeren aanvraag,11181,2011.11.22 19:07:45,30000,2011.11.22 19:07:54,0
9230,W-Completeren aanvraag,11181,2011.11.22 19:08:34,30000,2011.11.22 19:09:05,0
9230,W-Completeren aanvraag,11181,2011.11.22 19:27:25,30000,2011.11.22 19:29:00,1
9230,W-Completeren aanvraag,10933,2011.11.23 18:43:43,30000,2011.11.23 18:43:50,0
9230,W-Completeren aanvraag,10933,2011.11.23 19:04:05,30000,2011.11.23 19:18:19,14
9231,W-Afhandelen leads,11169,2011.11.23 10:19:39,22500,2011.11.23 10:22:41,3
9231,W-Completeren aanvraag,11169,2011.11.23 12:10:21,22500,2011.11.23 12:12:51,2
9231,W-Completeren aanvraag,11121,2011.11.23 16:52:27,22500,2011.11.23 16:53:32,1
9231,W-Completeren aanvraag,10982,2011.11.24 12:15:33,22500,2011.11.24 12:16:29,0
9231,W-Completeren aanvraag,10861,2011.11.24 18:44:19,22500,2011.11.24 18:45:49,1
9231,W-Completeren aanvraag,11201,2011.11.25 20:21:03,22500,2011.11.25 20:21:53,0
9231,W-Completeren aanvraag,11203,2011.11.26 13:48:23,22500,2011.11.26 13:59:45,11
9231,W-Completeren aanvraag,10912,2011.11.26 15:37:52,22500,2011.11.26 15:38:30,0
9232,W-Afhandelen leads,11009,2012.01.09 09:40:02,3000,2012.01.09 09:42:23,2
9232,W-Completeren aanvraag,11181,2012.01.09 14:31:46,3000,2012.01.09 14:33:49,2
9232,W-Completeren aanvraag,10863,2012.01.09 18:38:47,3000,2012.01.09 18:45:25,6
9232,W-Completeren aanvraag,no resuource,2012.01.10 11:57:24,3000,2012.01.10 12:06:01,8
9232,W-Completeren aanvraag,10909,2012.01.10 12:22:32,3000,2012.01.10 12:22:36,0
9232,W-Completeren aanvraag,no resuource,2012.01.10 12:33:52,3000,2012.01.10 12:36:04,2
9233,W-Afhandelen leads,10909,2012.01.19 10:41:18,72000,2012.01.19 10:42:40,1
9233,W-Completeren aanvraag,no resuource,2012.01.19 12:59:43,72000,2012.01.19 13:03:10,3
9233,W-Completeren aanvraag,11119,2012.01.19 18:37:48,72000,2012.01.19 18:44:08,6
9234,W-Afhandelen leads,11000,2012.02.09 11:22:18,8000,2012.02.09 11:34:00,11
9234,W-Completeren aanvraag,11122,2012.02.09 14:37:33,8000,2012.02.09 14:40:57,3
9234,W-Completeren aanvraag,11201,2012.02.09 16:25:38,8000,2012.02.09 16:29:34,3
9234,W-Nabellen offertes,10899,2012.02.15 17:40:01,8000,2012.02.15 17:40:11,0
9234,W-Valideren aanvraag,10609,2012.02.16 09:14:36,8000,2012.02.16 09:26:01,11
9235,W-Afhandelen leads,10910,2011.11.23 09:04:27,10000,2011.11.23 09:06:28,2
9235,W-Completeren aanvraag,10910,2011.11.23 11:24:23,10000,2011.11.23 11:26:03,1
9235,W-Completeren aanvraag,11121,2011.11.23 16:49:24,10000,2011.11.23 16:50:31,1
9235,W-Completeren aanvraag,10982,2011.11.24 10:27:20,10000,2011.11.24 10:35:21,8
9235,W-Completeren aanvraag,11119,2011.11.24 17:53:52,10000,2011.11.24 17:55:07,1
9235,W-Completeren aanvraag,no resuource,2011.11.25 13:11:34,10000,2011.11.25 13:12:41,1
9235,W-Completeren aanvraag,11201,2011.11.25 17:11:59,10000,2011.11.25 17:12:19,0
9235,W-Completeren aanvraag,11203,2011.11.26 11:12:31,10000,2011.11.26 11:14:05,1
9235,W-Completeren aanvraag,10861,2011.11.28 19:01:22,10000,2011.11.28 19:03:09,1
9235,W-Completeren aanvraag,10913,2011.12.19 18:49:07,10000,2011.12.19 18:50:24,1
9235,W-Completeren aanvraag,10913,2011.12.19 18:49:07,10000,2011.12.23 09:15:08,5186
9236,W-Afhandelen leads,11122,2012.01.13 17:26:15,25000,2012.01.13 17:31:44,5
9236,W-Completeren aanvraag,10929,2012.01.14 10:50:55,25000,2012.01.14 10:51:48,0
9236,W-Completeren aanvraag,10913,2012.01.14 12:09:26,25000,2012.01.14 12:11:15,1
9236,W-Completeren aanvraag,11121,2012.01.16 09:35:41,25000,2012.01.16 09:38:35,2
9236,W-Completeren aanvraag,11121,2012.01.16 09:38:41,25000,2012.01.16 09:39:17,0
9236,W-Completeren aanvraag,10863,2012.01.16 18:10:30,25000,2012.01.16 18:29:35,19
9236,W-Completeren aanvraag,10863,2012.01.16 18:30:19,25000,2012.01.16 18:30:47,0
9237,W-Beoordelen fraude,10188,2012.02.27 15:35:26,31612,2012.02.27 15:35:31,0
9237,W-Beoordelen fraude,11304,2012.02.27 15:36:17,31612,2012.02.27 15:36:18,0
9237,W-Beoordelen fraude,10188,2012.02.27 16:24:45,31612,2012.02.27 16:24:56,0
9238,W-Completeren aanvraag,11169,2011.11.24 09:21:09,17500,2011.11.24 09:31:26,10
9238,W-Nabellen offertes,11169,2011.11.24 09:32:32,17500,2011.11.24 09:33:18,0
9238,W-Nabellen offertes,10899,2011.11.30 11:03:16,17500,2011.11.30 11:03:28,0
9238,W-Valideren aanvraag,10138,2011.12.05 10:48:31,17500,2011.12.05 11:02:53,14
9239,W-Completeren aanvraag,no resuource,2011.12.22 09:17:36,8000,2011.12.22 09:18:47,1
9239,W-Completeren aanvraag,no resuource,2011.12.22 12:22:53,8000,2011.12.22 12:23:00,0
9239,W-Completeren aanvraag,no resuource,2011.12.22 12:43:31,8000,2011.12.22 12:46:44,3
9239,W-Completeren aanvraag,11019,2011.12.22 15:52:28,8000,2011.12.22 15:54:04,1
9239,W-Completeren aanvraag,11180,2011.12.22 18:11:34,8000,2011.12.22 18:12:58,1
9239,W-Completeren aanvraag,11201,2011.12.23 09:30:33,8000,2011.12.23 09:30:44,0
9239,W-Completeren aanvraag,10910,2011.12.23 10:06:03,8000,2011.12.23 10:07:12,1
9239,W-Completeren aanvraag,11201,2011.12.23 10:14:57,8000,2011.12.23 10:15:12,0
9239,W-Completeren aanvraag,10910,2011.12.23 14:31:23,8000,2011.12.23 14:32:42,1
9239,W-Completeren aanvraag,11179,2011.12.23 17:16:40,8000,2011.12.23 17:22:08,5
9240,W-Completeren aanvraag,10933,2012.02.08 19:21:10,25000,2012.02.08 19:22:44,1
9240,W-Completeren aanvraag,10933,2012.02.08 19:23:06,25000,2012.02.08 19:23:17,0
9240,W-Completeren aanvraag,11203,2012.02.09 12:30:07,25000,2012.02.09 12:30:39,0
9240,W-Completeren aanvraag,11179,2012.02.10 09:16:10,25000,2012.02.10 09:20:56,4
9240,W-Completeren aanvraag,11203,2012.02.13 14:12:18,25000,2012.02.13 14:14:01,1
9240,W-Completeren aanvraag,11121,2012.02.15 15:03:31,25000,2012.02.15 15:03:53,0
9240,W-Completeren aanvraag,11121,2012.02.17 11:19:33,25000,2012.02.17 11:20:50,1
9240,W-Completeren aanvraag,10909,2012.02.25 16:35:51,25000,2012.02.25 16:35:59,0
9240,W-Completeren aanvraag,11309,2012.03.08 09:30:14,25000,2012.03.08 09:30:43,0
9240,W-Completeren aanvraag,11179,2012.03.09 09:54:30,25000,2012.03.09 09:54:51,0
9240,W-Completeren aanvraag,11309,2012.03.09 17:15:07,25000,2012.03.09 17:16:36,1
9241,W-Completeren aanvraag,11189,2011.11.24 11:14:05,10000,2011.11.24 11:18:21,4
9241,W-Completeren aanvraag,10861,2011.11.24 18:04:09,10000,2011.11.24 18:06:48,2
9241,W-Completeren aanvraag,10939,2011.11.25 10:05:01,10000,2011.11.25 10:05:09,0
9241,W-Completeren aanvraag,10910,2011.11.25 10:51:38,10000,2011.11.25 10:52:26,0
9241,W-Completeren aanvraag,no resuource,2011.11.25 16:03:23,10000,2011.11.25 16:04:54,1
9241,W-Completeren aanvraag,11201,2011.11.25 18:32:05,10000,2011.11.25 18:32:21,0
9241,W-Completeren aanvraag,11201,2011.11.25 18:34:08,10000,2011.11.25 18:34:16,0
9241,W-Completeren aanvraag,10909,2011.11.26 15:33:13,10000,2011.11.26 15:34:07,0
9241,W-Completeren aanvraag,no resuource,2011.11.28 19:17:44,10000,2011.11.28 19:18:59,1
9241,W-Completeren aanvraag,11119,2011.11.28 19:27:03,10000,2011.11.28 19:28:10,1
9241,W-Completeren aanvraag,10914,2011.11.29 19:52:49,10000,2011.11.29 19:55:32,2
9241,W-Completeren aanvraag,11180,2011.11.30 20:39:34,10000,2011.11.30 20:42:33,2
9241,W-Completeren aanvraag,10913,2011.12.24 14:51:57,10000,2011.12.24 14:53:15,1
9242,W-Completeren aanvraag,11122,2012.02.02 18:02:28,13000,2012.02.02 18:09:48,7
9242,W-Nabellen offertes,11122,2012.02.02 18:11:07,13000,2012.02.02 18:13:04,1
9242,W-Nabellen offertes,11201,2012.02.10 18:34:11,13000,2012.02.10 18:36:22,2
9242,W-Nabellen offertes,11203,2012.02.17 20:48:24,13000,2012.02.17 20:50:02,1
9242,W-Nabellen offertes,11122,2012.02.21 17:02:29,13000,2012.02.21 17:06:31,4
9242,W-Nabellen offertes,11122,2012.02.21 18:15:56,13000,2012.02.21 18:19:41,3
9242,W-Nabellen offertes,11309,2012.02.21 20:53:59,13000,2012.02.21 20:57:48,3
9243,W-Completeren aanvraag,10931,2012.02.22 19:27:59,6000,2012.02.22 19:41:30,13
9243,W-Nabellen offertes,10931,2012.02.22 19:41:50,6000,2012.02.22 19:42:27,0
9243,W-Nabellen offertes,11203,2012.03.02 15:03:06,6000,2012.03.02 15:05:28,2
9243,W-Nabellen offertes,11319,2012.03.05 16:40:12,6000,2012.03.05 16:43:28,3
9244,W-Afhandelen leads,10982,2012.01.23 16:12:14,11000,2012.01.23 16:12:51,0
9244,W-Afhandelen leads,10982,2012.01.23 17:13:08,11000,2012.01.23 17:13:48,0
9244,W-Completeren aanvraag,10881,2012.01.23 18:28:20,11000,2012.01.23 18:34:14,5
9244,W-Completeren aanvraag,10881,2012.01.23 18:34:20,11000,2012.01.23 18:39:27,5
9245,W-Completeren aanvraag,11203,2012.02.09 11:36:19,15000,2012.02.09 11:39:05,2
9245,W-Completeren aanvraag,11122,2012.02.09 16:10:16,15000,2012.02.09 16:11:42,1
9245,W-Completeren aanvraag,11203,2012.02.10 10:23:42,15000,2012.02.10 10:37:54,14
9245,W-Nabellen offertes,11201,2012.02.17 10:48:52,15000,2012.02.17 10:59:17,10
9246,W-Completeren aanvraag,10933,2012.02.08 20:42:04,15000,2012.02.08 20:44:10,2
9246,W-Completeren aanvraag,11169,2012.02.16 09:02:42,15000,2012.02.17 06:15:06,1272
9246,W-Completeren aanvraag,11121,2012.02.17 09:59:12,15000,2012.02.17 10:00:35,1
9246,W-Completeren aanvraag,10909,2012.02.25 16:34:14,15000,2012.02.25 16:34:21,0
9246,W-Completeren aanvraag,11299,2012.03.09 13:28:58,15000,2012.03.09 13:29:34,0
9246,W-Completeren aanvraag,10982,2012.03.09 16:01:32,15000,2012.03.09 16:01:47,0
9246,W-Completeren aanvraag,10982,2012.03.09 16:01:32,15000,2012.03.10 09:15:25,1033
9247,W-Completeren aanvraag,11000,2011.12.19 10:18:29,5000,2011.12.19 10:21:24,2
9247,W-Completeren aanvraag,11000,2011.12.19 14:29:21,5000,2011.12.19 14:30:32,1
9247,W-Completeren aanvraag,11119,2011.12.19 18:54:01,5000,2011.12.19 18:55:48,1
9247,W-Completeren aanvraag,no resuource,2011.12.20 18:21:53,5000,2011.12.20 18:22:37,0
9247,W-Completeren aanvraag,10861,2011.12.21 19:58:42,5000,2011.12.21 19:59:44,1
9247,W-Completeren aanvraag,11201,2011.12.22 19:08:58,5000,2011.12.22 19:10:35,1
9247,W-Completeren aanvraag,11119,2011.12.24 11:09:22,5000,2011.12.24 11:12:24,3
9247,W-Completeren aanvraag,11121,2012.01.16 09:39:28,5000,2012.01.16 09:39:35,0
9247,W-Completeren aanvraag,11121,2012.01.16 09:39:28,5000,2012.01.17 09:15:40,1416
9248,W-Completeren aanvraag,11169,2012.02.28 11:26:26,2000,2012.02.28 11:33:02,6
9248,W-Completeren aanvraag,11203,2012.02.28 15:00:21,2000,2012.02.28 15:01:27,1
9248,W-Completeren aanvraag,11319,2012.03.01 20:51:21,2000,2012.03.01 20:51:33,0
9248,W-Completeren aanvraag,11003,2012.03.02 10:29:16,2000,2012.03.02 10:29:34,0
9248,W-Completeren aanvraag,11203,2012.03.02 10:44:25,2000,2012.03.02 10:47:11,2
9248,W-Completeren aanvraag,11302,2012.03.02 18:25:23,2000,2012.03.02 18:28:44,3
9248,W-Completeren aanvraag,11302,2012.03.03 10:03:06,2000,2012.03.03 10:06:55,3
9248,W-Completeren aanvraag,11299,2012.03.06 12:27:05,2000,2012.03.06 13:07:41,40
9248,W-Completeren aanvraag,10863,2012.03.06 18:42:34,2000,2012.03.06 18:42:42,0
9248,W-Completeren aanvraag,11319,2012.03.06 18:56:44,2000,2012.03.06 19:04:35,7
9249,W-Afhandelen leads,11003,2011.12.15 18:22:13,5000,2011.12.15 18:22:55,0
9249,W-Completeren aanvraag,10939,2011.12.15 20:08:04,5000,2011.12.15 20:08:12,0
9249,W-Completeren aanvraag,10929,2011.12.15 20:33:54,5000,2011.12.15 20:35:42,1
9249,W-Completeren aanvraag,10910,2011.12.16 11:46:25,5000,2011.12.16 11:47:05,0
9249,W-Completeren aanvraag,10863,2011.12.16 19:27:38,5000,2011.12.16 19:29:16,1
9249,W-Completeren aanvraag,10939,2011.12.17 16:10:48,5000,2011.12.17 16:12:14,1
9249,W-Completeren aanvraag,11122,2011.12.19 13:30:43,5000,2011.12.19 13:32:43,2
9249,W-Completeren aanvraag,11122,2011.12.19 13:32:50,5000,2011.12.19 13:33:14,0
9249,W-Completeren aanvraag,11119,2011.12.19 19:18:30,5000,2011.12.19 19:22:35,4
9249,W-Completeren aanvraag,11119,2011.12.19 19:22:40,5000,2011.12.19 19:22:55,0
9249,W-Completeren aanvraag,10863,2012.01.11 13:29:55,5000,2012.01.11 13:55:44,25
9249,W-Completeren aanvraag,10861,2012.01.14 16:28:20,5000,2012.01.14 16:28:30,0
9249,W-Completeren aanvraag,10861,2012.01.14 16:28:20,5000,2012.01.15 09:15:24,1007
9250,W-Completeren aanvraag,10912,2011.11.25 18:29:21,15000,2011.11.25 18:44:38,15
9250,W-Nabellen offertes,11259,2011.12.02 10:50:18,15000,2011.12.02 10:50:32,0
9250,W-Valideren aanvraag,10972,2011.12.06 11:51:50,15000,2011.12.06 12:34:11,42
9251,W-Afhandelen leads,11169,2012.01.17 09:22:23,6000,2012.01.17 09:23:40,1
9251,W-Completeren aanvraag,11189,2012.01.17 10:17:58,6000,2012.01.17 10:35:56,17
9252,W-Afhandelen leads,10863,2011.11.28 17:55:32,35000,2011.11.28 18:00:53,5
9252,W-Afhandelen leads,10863,2011.11.28 18:00:55,35000,2011.11.28 18:03:41,2
9252,W-Completeren aanvraag,10889,2011.11.28 18:44:52,35000,2011.11.28 18:48:31,3
9252,W-Completeren aanvraag,10909,2011.11.29 09:09:14,35000,2011.11.29 09:30:54,21
9252,W-Completeren aanvraag,10909,2011.11.29 09:31:17,35000,2011.11.29 09:38:32,7
9253,W-Completeren aanvraag,10932,2012.01.23 09:22:46,5000,2012.01.23 09:27:25,4
9253,W-Nabellen offertes,10909,2012.01.28 15:49:55,5000,2012.01.28 15:51:04,1
9253,W-Nabellen offertes,11259,2012.01.30 11:19:30,5000,2012.01.30 11:20:19,0
9253,W-Valideren aanvraag,10629,2012.02.02 15:49:39,5000,2012.02.02 16:11:26,21
9254,W-Completeren aanvraag,no resuource,2011.11.28 09:42:15,9000,2011.11.28 09:45:09,2
9254,W-Completeren aanvraag,11119,2011.11.28 20:07:08,9000,2011.11.28 20:14:49,7
9254,W-Completeren aanvraag,no resuource,2011.11.28 20:27:26,9000,2011.11.28 20:52:41,25
9254,W-Completeren aanvraag,no resuource,2011.12.02 19:44:51,9000,2011.12.02 19:45:15,0
9254,W-Completeren aanvraag,11201,2011.12.27 09:07:15,9000,2011.12.27 09:09:34,2
9254,W-Completeren aanvraag,11201,2011.12.27 09:07:15,9000,2011.12.27 09:15:13,7
9255,W-Completeren aanvraag,10909,2011.11.28 09:06:19,5000,2011.11.28 09:11:05,4
9255,W-Completeren aanvraag,no resuource,2011.11.28 11:45:57,5000,2011.11.28 11:46:09,0
9255,W-Completeren aanvraag,10861,2011.11.28 13:51:06,5000,2011.11.28 13:52:12,1
9255,W-Completeren aanvraag,10861,2011.11.28 18:37:56,5000,2011.11.28 18:41:53,3
9256,W-Completeren aanvraag,10913,2011.12.24 10:39:02,15000,2011.12.24 11:04:55,25
9256,W-Nabellen offertes,10881,2012.01.03 09:11:34,15000,2012.01.03 09:13:47,2
9256,W-Nabellen offertes,10881,2012.01.03 11:13:11,15000,2012.01.03 11:17:21,4
9256,W-Nabellen offertes,10881,2012.01.03 11:17:37,15000,2012.01.03 11:17:47,0
9256,W-Nabellen offertes,10909,2012.01.18 11:02:45,15000,2012.01.18 11:16:11,13
9257,W-Afhandelen leads,no resuource,2011.12.13 18:29:30,30000,2011.12.13 18:30:25,0
9257,W-Completeren aanvraag,10982,2011.12.13 19:27:04,30000,2011.12.13 19:27:11,0
9257,W-Completeren aanvraag,10982,2011.12.13 19:39:00,30000,2011.12.13 19:39:06,0
9257,W-Completeren aanvraag,no resuource,2011.12.13 19:47:22,30000,2011.12.13 19:54:09,6
9257,W-Completeren aanvraag,no resuource,2011.12.13 19:54:47,30000,2011.12.13 19:55:07,0
9257,W-Completeren aanvraag,11189,2011.12.14 11:22:06,30000,2011.12.14 11:24:56,2
9257,W-Completeren aanvraag,11179,2011.12.14 14:17:17,30000,2011.12.14 14:18:49,1
9257,W-Completeren aanvraag,11179,2011.12.14 14:18:59,30000,2011.12.14 14:19:28,0
9257,W-Completeren aanvraag,11189,2011.12.14 14:32:41,30000,2011.12.14 14:32:51,0
9257,W-Completeren aanvraag,11179,2011.12.14 14:43:54,30000,2011.12.14 14:51:13,7
9258,W-Completeren aanvraag,11302,2012.02.23 15:12:59,10000,2012.02.23 15:20:01,7
9258,W-Nabellen offertes,11203,2012.03.02 16:24:44,10000,2012.03.02 16:27:23,2
9259,W-Completeren aanvraag,10910,2011.11.28 10:01:58,10000,2011.11.28 10:03:25,1
9259,W-Completeren aanvraag,10861,2011.11.28 13:36:36,10000,2011.11.28 13:38:22,1
9259,W-Completeren aanvraag,10861,2011.11.28 13:36:36,10000,2011.12.28 09:15:11,42938
9260,W-Afhandelen leads,10929,2012.01.10 16:03:56,3000,2012.01.10 16:06:47,2
9260,W-Completeren aanvraag,10939,2012.01.11 13:42:13,3000,2012.01.11 13:44:21,2
9260,W-Completeren aanvraag,10932,2012.01.11 13:49:42,3000,2012.01.11 13:51:02,1
9260,W-Completeren aanvraag,11169,2012.01.12 10:31:53,3000,2012.01.12 10:33:48,1
9260,W-Completeren aanvraag,10909,2012.01.13 20:33:55,3000,2012.01.13 20:34:48,0
9260,W-Completeren aanvraag,10913,2012.01.14 15:29:38,3000,2012.01.14 15:31:00,1
9260,W-Completeren aanvraag,10910,2012.01.17 11:29:36,3000,2012.01.17 11:30:29,0
9260,W-Completeren aanvraag,10861,2012.01.18 14:24:42,3000,2012.01.18 14:25:51,1
9260,W-Completeren aanvraag,11180,2012.01.18 19:32:37,3000,2012.01.18 19:33:30,0
9260,W-Completeren aanvraag,10863,2012.01.19 20:50:59,3000,2012.01.19 20:52:05,1
9260,W-Completeren aanvraag,10913,2012.01.21 16:34:08,3000,2012.01.21 16:39:17,5
9260,W-Completeren aanvraag,10913,2012.01.21 16:34:08,3000,2012.02.10 09:15:09,28361
9261,W-Completeren aanvraag,11019,2011.12.21 19:19:55,10000,2011.12.21 19:30:51,10
9261,W-Nabellen offertes,11181,2011.12.28 18:07:02,10000,2011.12.28 18:10:27,3
9261,W-Nabellen offertes,10899,2011.12.29 12:05:06,10000,2011.12.29 12:05:19,0
9261,W-Valideren aanvraag,10972,2011.12.29 13:53:16,10000,2011.12.29 14:30:21,37
9262,W-Afhandelen leads,11003,2012.02.16 13:25:09,10000,2012.02.16 13:26:22,1
9262,W-Completeren aanvraag,10933,2012.02.16 17:46:20,10000,2012.02.16 17:58:48,12
9262,W-Nabellen offertes,10933,2012.02.16 17:59:26,10000,2012.02.16 18:01:01,1
9262,W-Nabellen offertes,11003,2012.02.23 18:17:49,10000,2012.02.23 18:20:36,2
9262,W-Nabellen offertes,10982,2012.03.03 10:26:34,10000,2012.03.03 10:27:50,1
9262,W-Nabellen offertes,11319,2012.03.05 11:09:45,10000,2012.03.05 11:11:51,2
9262,W-Nabellen offertes,11300,2012.03.09 16:21:35,10000,2012.03.09 16:25:06,3
9263,W-Completeren aanvraag,10929,2012.01.03 14:59:09,35000,2012.01.03 15:01:15,2
9263,W-Completeren aanvraag,11121,2012.01.16 09:26:02,35000,2012.01.16 09:27:34,1
9263,W-Completeren aanvraag,11019,2012.01.23 14:08:36,35000,2012.01.23 14:10:27,1
9263,W-Completeren aanvraag,11019,2012.01.23 14:08:36,35000,2012.02.03 09:15:12,15546
9264,W-Completeren aanvraag,10910,2011.11.29 10:15:26,22000,2011.11.29 10:23:23,7
9264,W-Nabellen offertes,10910,2011.12.06 12:32:20,22000,2011.12.06 12:38:55,6
9264,W-Nabellen offertes,10861,2011.12.08 14:19:58,22000,2011.12.08 14:21:48,1
9264,W-Nabellen offertes,10861,2011.12.08 19:12:19,22000,2011.12.08 19:13:53,1
9264,W-Nabellen offertes,11121,2011.12.09 13:42:31,22000,2011.12.09 13:43:02,0
9265,W-Completeren aanvraag,10913,2011.12.26 15:45:26,10000,2011.12.26 15:49:17,3
9265,W-Completeren aanvraag,10913,2011.12.26 15:58:16,10000,2011.12.26 16:07:43,9
9265,W-Nabellen offertes,no resuource,2012.01.03 10:48:21,10000,2012.01.03 10:50:34,2
9265,W-Nabellen offertes,10861,2012.01.04 19:48:15,10000,2012.01.04 19:48:32,0
9266,W-Completeren aanvraag,11000,2012.02.13 15:57:11,5000,2012.02.13 16:10:51,13
9266,W-Nabellen offertes,11000,2012.02.13 16:11:20,5000,2012.02.13 16:12:59,1
9266,W-Nabellen offertes,11049,2012.02.16 11:41:32,5000,2012.02.16 11:41:52,0
9267,W-Afhandelen leads,11009,2012.01.16 09:27:57,5000,2012.01.16 09:33:39,5
9267,W-Completeren aanvraag,11003,2012.01.16 14:17:03,5000,2012.01.16 14:19:52,2
9267,W-Completeren aanvraag,10861,2012.01.16 19:01:51,5000,2012.01.16 19:02:37,0
9267,W-Completeren aanvraag,11201,2012.01.17 13:18:37,5000,2012.01.17 13:19:07,0
9267,W-Completeren aanvraag,10932,2012.01.17 13:57:16,5000,2012.01.17 14:02:30,5
9267,W-Completeren aanvraag,10863,2012.01.17 19:46:59,5000,2012.01.17 19:55:29,8
9267,W-Completeren aanvraag,10861,2012.01.18 15:05:06,5000,2012.01.18 15:06:02,0
9267,W-Completeren aanvraag,10861,2012.01.18 19:39:22,5000,2012.01.18 19:40:00,0
9267,W-Completeren aanvraag,11000,2012.01.20 09:59:53,5000,2012.01.20 10:02:14,2
9267,W-Completeren aanvraag,11002,2012.01.20 19:38:08,5000,2012.01.20 19:39:58,1
9267,W-Completeren aanvraag,10861,2012.01.23 18:37:10,5000,2012.01.23 18:38:36,1
9267,W-Completeren aanvraag,10982,2012.01.24 12:53:26,5000,2012.01.24 12:55:22,1
9267,W-Completeren aanvraag,11003,2012.02.14 18:00:00,5000,2012.02.14 18:00:17,0
9267,W-Completeren aanvraag,11003,2012.02.14 18:01:02,5000,2012.02.14 18:01:12,0
9267,W-Completeren aanvraag,11003,2012.02.14 18:01:02,5000,2012.02.15 09:15:13,914
9268,W-Completeren aanvraag,11000,2012.02.13 12:22:42,10000,2012.02.13 12:25:17,2
9268,W-Completeren aanvraag,11203,2012.02.14 12:07:24,10000,2012.02.14 12:08:13,0
9268,W-Completeren aanvraag,11203,2012.02.14 12:08:21,10000,2012.02.14 12:08:33,0
9268,W-Completeren aanvraag,11180,2012.02.14 18:50:45,10000,2012.02.14 18:52:34,1
9268,W-Completeren aanvraag,11319,2012.02.15 14:46:04,10000,2012.02.15 14:49:59,3
9268,W-Completeren aanvraag,11122,2012.02.16 19:21:20,10000,2012.02.16 19:25:32,4
9268,W-Completeren aanvraag,10909,2012.02.18 10:26:23,10000,2012.02.18 10:28:59,2
9268,W-Completeren aanvraag,11019,2012.02.21 11:47:29,10000,2012.02.21 11:48:40,1
9268,W-Completeren aanvraag,11302,2012.02.21 15:59:38,10000,2012.02.21 16:06:29,6
9268,W-Completeren aanvraag,11302,2012.02.21 15:59:38,10000,2012.03.13 09:15:25,29835
9269,W-Afhandelen leads,11122,2011.11.30 20:58:27,15000,2011.11.30 21:00:17,1
9269,W-Completeren aanvraag,11179,2011.12.01 10:02:47,15000,2011.12.01 10:12:34,9
9269,W-Completeren aanvraag,11179,2011.12.01 16:03:07,15000,2011.12.01 16:09:47,6
9269,W-Completeren aanvraag,10861,2011.12.01 17:42:26,15000,2011.12.01 17:43:58,1
9269,W-Completeren aanvraag,11181,2011.12.01 20:01:44,15000,2011.12.01 20:03:48,2
9269,W-Completeren aanvraag,11002,2011.12.02 20:03:18,15000,2011.12.02 20:04:35,1
9269,W-Completeren aanvraag,11203,2011.12.05 18:00:36,15000,2011.12.05 18:04:27,3
9269,W-Completeren aanvraag,11179,2011.12.06 18:48:13,15000,2011.12.06 18:55:06,6
9269,W-Completeren aanvraag,11003,2011.12.06 19:50:21,15000,2011.12.06 19:52:08,1
9270,W-Completeren aanvraag,11122,2012.02.24 18:42:14,15000,2012.02.24 18:50:10,7
9270,W-Nabellen offertes,11119,2012.03.03 12:25:53,15000,2012.03.03 12:28:12,2
9271,W-Completeren aanvraag,11179,2012.01.09 10:33:22,3000,2012.01.09 10:48:13,14
9271,W-Nabellen offertes,10789,2012.01.13 10:26:16,3000,2012.01.13 10:26:38,0
9271,W-Valideren aanvraag,10809,2012.01.18 14:33:35,3000,2012.01.18 14:52:52,19
9272,W-Afhandelen leads,10910,2011.12.01 15:14:51,20000,2011.12.01 15:17:49,2
9272,W-Completeren aanvraag,11179,2011.12.01 15:32:15,20000,2011.12.01 15:32:21,0
9272,W-Completeren aanvraag,10861,2011.12.01 17:06:01,20000,2011.12.01 17:07:37,1
9272,W-Completeren aanvraag,11181,2011.12.01 20:30:41,20000,2011.12.01 20:33:16,2
9272,W-Completeren aanvraag,11181,2011.12.01 20:34:32,20000,2011.12.01 20:34:42,0
9272,W-Completeren aanvraag,10910,2011.12.02 10:10:13,20000,2011.12.02 10:10:58,0
9272,W-Completeren aanvraag,no resuource,2011.12.02 13:48:42,20000,2011.12.02 13:49:13,0
9272,W-Completeren aanvraag,11002,2011.12.02 20:06:21,20000,2011.12.02 20:08:38,2
9272,W-Completeren aanvraag,10228,2011.12.03 11:55:13,20000,2011.12.03 11:55:22,0
9272,W-Completeren aanvraag,11179,2011.12.03 15:15:53,20000,2011.12.03 15:16:38,0
9272,W-Completeren aanvraag,no resuource,2011.12.03 15:49:26,20000,2011.12.03 15:51:22,1
9272,W-Completeren aanvraag,11203,2011.12.05 18:26:58,20000,2011.12.05 18:28:28,1
9272,W-Completeren aanvraag,11179,2011.12.06 18:59:55,20000,2011.12.06 19:00:03,0
9272,W-Completeren aanvraag,11119,2011.12.06 20:06:03,20000,2011.12.06 20:08:18,2
9272,W-Completeren aanvraag,10910,2011.12.07 11:23:54,20000,2011.12.07 11:32:11,8
9273,W-Completeren aanvraag,10861,2012.01.11 14:28:10,22707,2012.01.11 14:29:31,1
9273,W-Completeren aanvraag,10861,2012.01.11 15:14:04,22707,2012.01.11 15:22:46,8
9273,W-Nabellen offertes,10861,2012.01.11 15:22:58,22707,2012.01.11 15:23:35,0
9273,W-Nabellen offertes,11189,2012.01.18 13:33:05,22707,2012.01.18 13:34:54,1
9273,W-Nabellen offertes,no resuource,2012.01.18 14:19:45,22707,2012.01.18 14:22:59,3
9274,W-Completeren aanvraag,11002,2011.12.26 13:06:59,15000,2011.12.26 13:11:45,4
9274,W-Completeren aanvraag,11002,2011.12.26 14:07:56,15000,2011.12.26 14:14:06,6
9274,W-Nabellen offertes,no resuource,2012.01.03 10:43:09,15000,2012.01.03 10:46:09,3
9274,W-Nabellen offertes,11009,2012.01.05 12:50:14,15000,2012.01.05 12:52:28,2
9275,W-Afhandelen leads,10982,2012.01.24 16:54:17,6500,2012.01.24 16:55:43,1
9275,W-Completeren aanvraag,10910,2012.01.24 19:43:03,6500,2012.01.24 19:53:39,10
9275,W-Nabellen offertes,10933,2012.01.31 12:51:54,6500,2012.01.31 12:53:15,1
9275,W-Nabellen offertes,11181,2012.01.31 17:16:51,6500,2012.01.31 17:19:33,2
9275,W-Nabellen offertes,11000,2012.02.02 09:35:38,6500,2012.02.02 09:37:19,1
9275,W-Nabellen offertes,10931,2012.02.04 16:26:13,6500,2012.02.04 16:38:55,12
9276,W-Afhandelen leads,10909,2011.12.05 11:20:15,2000,2011.12.05 11:21:31,1
9276,W-Completeren aanvraag,10929,2011.12.05 14:49:17,2000,2011.12.05 14:50:38,1
9276,W-Completeren aanvraag,10861,2011.12.05 19:35:40,2000,2011.12.05 19:38:16,2
9276,W-Completeren aanvraag,11019,2011.12.30 15:29:44,2000,2011.12.30 15:29:51,0
9276,W-Completeren aanvraag,11019,2011.12.30 15:29:44,2000,2012.01.04 09:15:13,6825
9277,W-Completeren aanvraag,no resuource,2012.02.06 10:42:20,7500,2012.02.06 10:50:11,7
9278,W-Completeren aanvraag,10913,2012.02.14 11:23:05,2500,2012.02.14 11:26:29,3
9278,W-Completeren aanvraag,11121,2012.02.15 15:01:00,2500,2012.02.15 15:03:13,2
9278,W-Completeren aanvraag,11181,2012.02.15 19:40:03,2500,2012.02.15 19:41:22,1
9278,W-Completeren aanvraag,11019,2012.02.17 20:18:07,2500,2012.02.17 20:23:18,5
9278,W-Completeren aanvraag,10913,2012.02.18 12:19:22,2500,2012.02.18 12:22:51,3
9278,W-Completeren aanvraag,11302,2012.02.20 18:25:21,2500,2012.02.20 18:25:40,0
9278,W-Completeren aanvraag,11019,2012.02.21 20:12:23,2500,2012.02.21 20:14:42,2
9278,W-Completeren aanvraag,11003,2012.02.22 20:23:39,2500,2012.02.22 20:25:55,2
9278,W-Completeren aanvraag,10933,2012.02.23 19:07:35,2500,2012.02.23 19:10:55,3
9278,W-Completeren aanvraag,10909,2012.02.25 11:09:01,2500,2012.02.25 11:10:09,1
9278,W-Completeren aanvraag,11300,2012.03.14 09:27:19,2500,2012.03.14 09:27:37,0
9278,W-Completeren aanvraag,11169,2012.03.14 10:14:42,2500,2012.03.14 10:18:38,3
9279,W-Completeren aanvraag,no resuource,2011.12.12 14:15:22,10000,2011.12.12 14:46:14,30
9279,W-Nabellen offertes,10982,2011.12.17 12:32:00,10000,2011.12.17 12:33:41,1
9279,W-Nabellen offertes,11180,2011.12.19 15:17:28,10000,2011.12.19 15:18:56,1
9279,W-Nabellen offertes,10913,2011.12.20 18:16:56,10000,2011.12.20 18:21:12,4
9280,W-Completeren aanvraag,11180,2011.12.15 11:17:08,28000,2011.12.15 11:32:44,15
9280,W-Nabellen offertes,11189,2011.12.22 10:16:58,28000,2011.12.22 10:19:50,2
9280,W-Nabellen offertes,11181,2011.12.23 19:44:47,28000,2011.12.23 19:47:11,2
9280,W-Nabellen offertes,11181,2011.12.24 13:34:53,28000,2011.12.24 13:36:11,1
9281,W-Completeren aanvraag,11169,2012.01.25 12:40:22,5000,2012.01.25 12:49:28,9
9281,W-Nabellen offertes,10861,2012.02.01 11:50:11,5000,2012.02.01 11:52:27,2
9281,W-Nabellen offertes,11049,2012.02.06 11:09:36,5000,2012.02.06 11:11:45,2
9281,W-Valideren aanvraag,10138,2012.02.09 16:43:57,5000,2012.02.09 16:49:32,5
9282,W-Completeren aanvraag,11181,2012.01.04 08:12:03,12000,2012.01.04 08:13:30,1
9282,W-Completeren aanvraag,11181,2012.01.04 08:14:29,12000,2012.01.04 08:15:26,0
9282,W-Completeren aanvraag,11179,2012.01.04 12:51:22,12000,2012.01.05 06:15:04,1043
9282,W-Completeren aanvraag,10939,2012.01.05 09:08:15,12000,2012.01.05 09:13:41,5
9282,W-Completeren aanvraag,11119,2012.01.05 18:00:28,12000,2012.01.05 18:00:39,0
9282,W-Completeren aanvraag,11181,2012.01.05 18:08:19,12000,2012.01.05 18:08:49,0
9282,W-Completeren aanvraag,11203,2012.01.05 18:09:15,12000,2012.01.05 18:19:19,10
9283,W-Completeren aanvraag,10912,2012.02.11 12:30:56,6000,2012.02.11 12:44:06,13
9283,W-Nabellen offertes,11299,2012.02.20 14:36:46,6000,2012.02.20 14:44:13,7
9283,W-Nabellen offertes,11122,2012.02.22 15:51:16,6000,2012.02.22 15:51:58,0
9283,W-Nabellen offertes,10881,2012.02.22 19:00:07,6000,2012.02.22 19:01:41,1
9283,W-Nabellen offertes,10881,2012.02.22 20:03:07,6000,2012.02.22 20:03:34,0
9283,W-Nabellen offertes,11003,2012.02.23 18:33:54,6000,2012.02.23 18:34:05,0
9283,W-Nabellen offertes,11003,2012.02.23 18:52:55,6000,2012.02.23 18:58:11,5
9283,W-Nabellen offertes,11003,2012.02.23 18:52:55,6000,2012.03.13 09:15:32,26782
9284,W-Completeren aanvraag,11121,2012.01.20 16:24:23,15000,2012.01.20 16:28:59,4
9284,W-Completeren aanvraag,10932,2012.01.21 10:59:52,15000,2012.01.21 11:01:27,1
9284,W-Completeren aanvraag,11119,2012.01.23 20:20:42,15000,2012.01.23 20:21:41,0
9284,W-Completeren aanvraag,11003,2012.01.24 16:05:02,15000,2012.01.24 16:08:57,3
9284,W-Completeren aanvraag,11119,2012.01.24 20:24:37,15000,2012.01.24 20:25:33,0
9284,W-Completeren aanvraag,11119,2012.01.25 18:18:25,15000,2012.01.25 18:19:19,0
9284,W-Completeren aanvraag,10913,2012.01.26 19:23:19,15000,2012.01.26 19:24:33,1
9284,W-Completeren aanvraag,11203,2012.01.27 20:45:39,15000,2012.01.27 20:47:02,1
9284,W-Completeren aanvraag,10982,2012.01.28 11:59:21,15000,2012.01.28 12:00:14,0
9284,W-Completeren aanvraag,11003,2012.02.14 18:09:13,15000,2012.02.14 18:09:34,0
9284,W-Completeren aanvraag,11003,2012.02.14 18:09:13,15000,2012.02.20 09:15:08,8105
9285,W-Afhandelen leads,10863,2012.01.03 20:24:55,5900,2012.01.03 20:26:16,1
9285,W-Afhandelen leads,10863,2012.01.03 20:26:18,5900,2012.01.03 20:26:29,0
9285,W-Completeren aanvraag,11179,2012.01.04 12:51:08,5900,2012.01.04 12:51:16,0
9285,W-Completeren aanvraag,10929,2012.01.04 15:00:43,5900,2012.01.04 15:02:45,2
9285,W-Completeren aanvraag,11203,2012.01.04 17:49:26,5900,2012.01.04 17:50:03,0
9285,W-Completeren aanvraag,11119,2012.01.04 18:25:34,5900,2012.01.04 18:36:03,10
9286,W-Completeren aanvraag,10910,2012.01.16 15:10:52,10000,2012.01.16 15:12:36,1
9286,W-Completeren aanvraag,11201,2012.01.16 19:23:22,10000,2012.01.16 19:23:39,0
9286,W-Completeren aanvraag,11201,2012.01.16 19:35:08,10000,2012.01.16 19:35:29,0
9286,W-Completeren aanvraag,10861,2012.01.16 19:51:58,10000,2012.01.16 19:52:23,0
9286,W-Completeren aanvraag,11201,2012.01.17 13:52:44,10000,2012.01.17 13:53:29,0
9286,W-Completeren aanvraag,11000,2012.01.20 12:32:36,10000,2012.01.20 12:34:18,1
9286,W-Completeren aanvraag,11203,2012.02.14 17:49:24,10000,2012.02.14 17:49:33,0
9286,W-Completeren aanvraag,11203,2012.02.14 17:49:24,10000,2012.02.16 09:15:23,2365
9287,W-Completeren aanvraag,11122,2011.12.27 18:56:16,7000,2011.12.27 19:07:13,10
9287,W-Nabellen offertes,10939,2012.01.04 19:12:48,7000,2012.01.04 19:14:36,1
9287,W-Nabellen offertes,11203,2012.01.05 20:06:42,7000,2012.01.05 20:15:21,8
9287,W-Nabellen offertes,10935,2012.01.06 10:44:32,7000,2012.01.06 10:44:38,0
9287,W-Nabellen offertes,10935,2012.01.06 12:27:07,7000,2012.01.06 12:28:28,1
9287,W-Nabellen offertes,no resuource,2012.01.14 15:01:40,7000,2012.01.14 15:04:07,2
9287,W-Nabellen offertes,10861,2012.01.18 09:39:28,7000,2012.01.18 09:41:50,2
9287,W-Nabellen offertes,10861,2012.01.18 09:39:28,7000,2012.01.27 09:15:42,12936
9288,W-Afhandelen leads,10889,2012.02.28 20:38:21,5000,2012.02.28 20:42:40,4
9288,W-Afhandelen leads,10889,2012.02.28 20:42:42,5000,2012.02.28 20:43:25,0
9288,W-Completeren aanvraag,11299,2012.02.29 19:34:50,5000,2012.02.29 19:50:31,15
9288,W-Completeren aanvraag,10932,2012.03.01 09:49:52,5000,2012.03.01 09:59:56,10
9289,W-Completeren aanvraag,11122,2012.01.11 20:29:50,5000,2012.01.11 20:37:47,7
9289,W-Nabellen offertes,11122,2012.01.11 20:39:00,5000,2012.01.11 20:41:51,2
9289,W-Nabellen offertes,10899,2012.01.18 12:48:51,5000,2012.01.18 12:49:04,0
9289,W-Valideren aanvraag,10609,2012.01.20 09:05:05,5000,2012.01.20 09:13:07,8
9290,W-Completeren aanvraag,10889,2012.01.16 09:42:42,10000,2012.01.16 09:52:21,9
9290,W-Nabellen offertes,no resuource,2012.01.23 11:21:04,10000,2012.01.23 11:23:38,2
9290,W-Nabellen offertes,11000,2012.01.24 11:59:49,10000,2012.01.24 12:16:11,16
9291,W-Completeren aanvraag,11122,2012.01.31 18:22:03,10000,2012.01.31 18:29:31,7
9291,W-Nabellen offertes,10909,2012.02.08 19:32:06,10000,2012.02.08 19:35:21,3
9291,W-Nabellen offertes,11119,2012.02.17 18:35:44,10000,2012.02.17 18:42:44,7
9291,W-Nabellen offertes,11119,2012.02.29 18:29:59,10000,2012.02.29 18:30:08,0
9291,W-Nabellen offertes,11302,2012.02.29 18:35:21,10000,2012.02.29 18:40:58,5
9291,W-Nabellen offertes,11302,2012.02.29 18:35:21,10000,2012.03.02 09:15:21,2320
9292,W-Completeren aanvraag,11122,2012.02.21 14:11:38,35000,2012.02.21 14:11:57,0
9292,W-Completeren aanvraag,11122,2012.02.21 15:20:40,35000,2012.02.21 15:23:18,2
9292,W-Completeren aanvraag,11019,2012.02.22 11:54:39,35000,2012.02.22 11:55:43,1
9292,W-Completeren aanvraag,10861,2012.02.22 18:50:17,35000,2012.02.22 18:51:46,1
9292,W-Completeren aanvraag,11309,2012.02.23 11:01:45,35000,2012.02.23 11:22:06,20
9292,W-Completeren aanvraag,11309,2012.02.23 11:22:32,35000,2012.02.23 11:27:05,4
9293,W-Completeren aanvraag,10912,2011.12.24 15:06:55,6500,2011.12.24 15:14:17,7
9293,W-Nabellen offertes,10881,2012.01.03 09:54:59,6500,2012.01.03 09:57:44,2
9293,W-Nabellen offertes,10861,2012.01.05 12:11:39,6500,2012.01.05 12:14:06,2
9294,W-Afhandelen leads,11019,2012.02.17 15:56:29,10000,2012.02.17 15:58:50,2
9294,W-Completeren aanvraag,11122,2012.02.17 16:21:37,10000,2012.02.17 16:22:14,0
9294,W-Completeren aanvraag,11122,2012.02.17 16:27:23,10000,2012.02.17 16:31:09,3
9294,W-Completeren aanvraag,10912,2012.02.17 16:31:37,10000,2012.02.17 16:36:40,5
9294,W-Nabellen offertes,11300,2012.02.24 11:36:57,10000,2012.02.24 11:39:29,2
9294,W-Nabellen offertes,10933,2012.02.24 11:44:41,10000,2012.02.24 11:45:37,0
9294,W-Nabellen offertes,11259,2012.03.01 09:46:57,10000,2012.03.01 09:47:16,0
9294,W-Valideren aanvraag,10609,2012.03.02 07:36:33,10000,2012.03.02 07:40:58,4
9295,W-Completeren aanvraag,11119,2012.01.10 20:44:31,4000,2012.01.10 20:56:21,11
9295,W-Nabellen offertes,10909,2012.01.18 12:14:41,4000,2012.01.18 12:16:14,1
9296,W-Afhandelen leads,no resuource,2012.02.07 15:04:00,20000,2012.02.07 15:09:55,5
9296,W-Afhandelen leads,no resuource,2012.02.07 15:10:01,20000,2012.02.07 15:10:13,0
9296,W-Completeren aanvraag,11122,2012.02.07 19:44:48,20000,2012.02.07 19:45:10,0
9296,W-Completeren aanvraag,10861,2012.02.08 09:19:18,20000,2012.02.08 09:21:31,2
9296,W-Completeren aanvraag,11003,2012.02.14 18:21:54,20000,2012.02.14 18:22:13,0
9296,W-Completeren aanvraag,11309,2012.03.08 09:08:40,20000,2012.03.08 09:09:51,1
9296,W-Completeren aanvraag,11309,2012.03.08 14:33:20,20000,2012.03.08 14:35:17,1
9296,W-Completeren aanvraag,11309,2012.03.08 14:33:20,20000,2012.03.09 09:15:13,1121
9297,W-Completeren aanvraag,11009,2012.02.07 11:35:44,12000,2012.02.07 11:45:35,9
9297,W-Nabellen offertes,11009,2012.02.07 11:45:49,12000,2012.02.07 11:49:16,3
9297,W-Nabellen offertes,11203,2012.02.14 20:39:02,12000,2012.02.14 20:42:01,2
9297,W-Nabellen offertes,11203,2012.02.23 11:33:24,12000,2012.02.23 11:34:04,0
9297,W-Nabellen offertes,11203,2012.02.23 16:25:32,12000,2012.02.23 16:28:53,3
9298,W-Completeren aanvraag,11179,2012.01.06 09:51:07,5700,2012.01.06 09:54:09,3
9298,W-Completeren aanvraag,11203,2012.01.06 19:51:45,5700,2012.01.06 19:52:59,1
9298,W-Completeren aanvraag,10929,2012.01.07 11:28:08,5700,2012.01.07 11:37:18,9
9298,W-Completeren aanvraag,10982,2012.01.07 15:16:36,5700,2012.01.07 15:17:34,0
9298,W-Completeren aanvraag,11181,2012.01.09 15:28:55,5700,2012.01.09 15:30:17,1
9298,W-Completeren aanvraag,11119,2012.01.10 20:33:47,5700,2012.01.10 20:34:59,1
9298,W-Completeren aanvraag,11169,2012.01.12 13:34:39,5700,2012.01.12 13:37:43,3
9298,W-Completeren aanvraag,10909,2012.01.13 20:38:09,5700,2012.01.13 20:38:54,0
9298,W-Completeren aanvraag,10913,2012.01.14 15:31:05,5700,2012.01.14 15:35:15,4
9299,W-Completeren aanvraag,11119,2012.02.25 14:03:22,5000,2012.02.25 14:05:50,2
9299,W-Completeren aanvraag,11009,2012.02.27 09:18:04,5000,2012.02.27 09:41:00,22
9300,W-Completeren aanvraag,10929,2012.01.07 13:32:47,20000,2012.01.07 13:35:02,2
9300,W-Completeren aanvraag,10909,2012.01.07 14:35:52,20000,2012.01.07 14:37:16,1
9300,W-Completeren aanvraag,11179,2012.01.09 12:26:46,20000,2012.01.09 12:28:48,2
9300,W-Completeren aanvraag,10863,2012.01.09 20:17:55,20000,2012.01.09 20:18:35,0
9300,W-Completeren aanvraag,10863,2012.01.10 19:01:44,20000,2012.01.10 19:08:07,6
9301,W-Completeren aanvraag,11203,2012.01.27 17:54:48,10000,2012.01.27 17:55:19,0
9301,W-Completeren aanvraag,11203,2012.01.27 18:08:21,10000,2012.01.27 18:15:21,7
9301,W-Nabellen offertes,11203,2012.02.06 09:57:56,10000,2012.02.06 10:00:25,2
9301,W-Nabellen offertes,11203,2012.02.07 16:18:34,10000,2012.02.07 16:18:52,0
9301,W-Nabellen offertes,10909,2012.02.11 16:17:50,10000,2012.02.11 16:19:32,1
9302,W-Completeren aanvraag,11302,2012.02.18 14:55:32,10000,2012.02.18 14:56:30,0
9302,W-Completeren aanvraag,10889,2012.02.18 15:30:40,10000,2012.02.18 15:40:32,9
9302,W-Nabellen offertes,10913,2012.02.28 14:20:38,10000,2012.02.28 14:25:10,4
9303,W-Completeren aanvraag,11179,2012.02.03 10:11:24,35000,2012.02.03 10:14:19,2
9303,W-Completeren aanvraag,10913,2012.02.03 18:34:55,35000,2012.02.03 18:49:11,14
9303,W-Nabellen offertes,10909,2012.02.11 15:32:47,35000,2012.02.11 15:34:08,1
9303,W-Nabellen offertes,10899,2012.02.15 17:41:19,35000,2012.02.15 17:41:30,0
9303,W-Valideren aanvraag,10629,2012.02.16 12:15:25,35000,2012.02.16 12:38:02,22
9304,W-Completeren aanvraag,11122,2012.02.15 19:45:33,10000,2012.02.15 19:50:19,4
9304,W-Completeren aanvraag,10913,2012.02.22 12:08:40,10000,2012.02.22 12:21:52,13
9304,W-Completeren aanvraag,11300,2012.03.14 09:39:56,10000,2012.03.14 09:51:13,11
9304,W-Completeren aanvraag,11300,2012.03.14 09:51:22,10000,2012.03.14 09:58:12,6
9304,W-Completeren aanvraag,10779,2012.03.14 10:59:34,10000,2012.03.14 11:09:03,9
9304,W-Completeren aanvraag,10779,2012.03.14 11:58:17,10000,2012.03.14 12:07:45,9
9304,W-Completeren aanvraag,11180,2012.03.14 12:15:08,10000,2012.03.14 12:15:17,0
9304,W-Completeren aanvraag,11180,2012.03.14 12:33:12,10000,2012.03.14 12:38:15,5
9304,W-Completeren aanvraag,10779,2012.03.14 13:05:52,10000,2012.03.14 13:25:33,19
9304,W-Completeren aanvraag,10779,2012.03.14 15:18:28,10000,2012.03.14 15:23:10,4
9305,W-Completeren aanvraag,11302,2012.02.18 16:53:12,13000,2012.02.18 16:59:40,6
9305,W-Completeren aanvraag,10861,2012.02.20 10:07:26,13000,2012.02.20 10:18:50,11
9305,W-Completeren aanvraag,11201,2012.03.05 15:55:52,13000,2012.03.05 15:56:00,0
9306,W-Completeren aanvraag,11302,2012.02.24 19:37:00,20000,2012.02.24 19:42:09,5
9306,W-Completeren aanvraag,10909,2012.02.25 11:28:45,20000,2012.02.25 11:29:41,0
9306,W-Completeren aanvraag,10909,2012.02.25 14:43:13,20000,2012.02.25 14:44:05,0
9306,W-Completeren aanvraag,11203,2012.02.28 16:32:42,20000,2012.02.28 16:34:07,1
9306,W-Completeren aanvraag,10863,2012.02.29 18:23:10,20000,2012.02.29 19:39:31,76
9306,W-Completeren aanvraag,11203,2012.03.01 12:04:10,20000,2012.03.01 12:05:33,1
9306,W-Completeren aanvraag,11319,2012.03.01 20:54:51,20000,2012.03.01 20:55:50,0
9306,W-Completeren aanvraag,11009,2012.03.05 16:45:37,20000,2012.03.05 16:46:16,0
9306,W-Completeren aanvraag,10913,2012.03.06 14:55:33,20000,2012.03.06 14:58:06,2
9306,W-Completeren aanvraag,10912,2012.03.10 11:40:52,20000,2012.03.10 11:41:07,0
9306,W-Completeren aanvraag,11003,2012.03.12 11:05:32,20000,2012.03.12 11:05:53,0
9307,W-Completeren aanvraag,11019,2012.02.20 16:18:25,15000,2012.02.20 16:22:35,4
9307,W-Completeren aanvraag,11019,2012.02.21 18:09:33,15000,2012.02.21 18:10:43,1
9307,W-Completeren aanvraag,10861,2012.02.22 13:31:52,15000,2012.02.22 13:32:32,0
9307,W-Completeren aanvraag,11179,2012.02.23 09:26:39,15000,2012.02.23 09:27:50,1
9307,W-Completeren aanvraag,11309,2012.02.23 12:07:20,15000,2012.02.23 12:11:35,4
9307,W-Completeren aanvraag,11302,2012.02.23 14:24:46,15000,2012.02.23 14:29:34,4
9307,W-Completeren aanvraag,10881,2012.02.23 19:57:45,15000,2012.02.23 19:58:50,1
9307,W-Completeren aanvraag,11122,2012.02.24 19:43:06,15000,2012.02.24 19:44:10,1
9307,W-Completeren aanvraag,10909,2012.02.25 11:34:02,15000,2012.02.25 11:35:49,1
9308,W-Completeren aanvraag,11319,2012.02.27 13:51:18,5000,2012.02.27 13:55:00,3
9308,W-Completeren aanvraag,11319,2012.02.27 13:56:45,5000,2012.02.27 13:57:20,0
9308,W-Completeren aanvraag,10881,2012.03.02 11:09:44,5000,2012.03.02 11:09:53,0
9308,W-Completeren aanvraag,11299,2012.03.06 12:12:20,5000,2012.03.06 12:14:47,2
9308,W-Completeren aanvraag,11203,2012.03.13 16:01:48,5000,2012.03.13 16:02:08,0
9308,W-Completeren aanvraag,11300,2012.03.14 10:20:24,5000,2012.03.14 10:22:09,1
9309,W-Completeren aanvraag,10863,2012.02.22 13:35:37,13200,2012.02.22 13:40:11,4
9309,W-Nabellen offertes,10863,2012.02.22 13:42:05,13200,2012.02.22 13:55:57,13
9309,W-Nabellen offertes,10881,2012.03.02 10:39:35,13200,2012.03.02 10:41:02,1
9309,W-Nabellen offertes,10881,2012.03.02 12:11:52,13200,2012.03.02 12:14:55,3
9310,W-Completeren aanvraag,11201,2012.02.23 09:56:35,6000,2012.02.23 10:03:50,7
9310,W-Completeren aanvraag,11169,2012.02.23 10:41:57,6000,2012.02.23 10:51:06,9
9310,W-Nabellen offertes,11203,2012.03.02 15:33:10,6000,2012.03.02 15:35:36,2
9311,W-Completeren aanvraag,11300,2012.02.24 12:31:51,50000,2012.02.24 12:51:31,19
9311,W-Nabellen offertes,11300,2012.02.24 12:52:14,50000,2012.02.24 12:53:18,1
9311,W-Nabellen offertes,10889,2012.03.07 20:43:42,50000,2012.03.07 20:44:11,0
9312,W-Completeren aanvraag,11302,2012.02.21 14:04:50,7000,2012.02.21 14:08:17,3
9312,W-Completeren aanvraag,10932,2012.02.21 14:26:36,7000,2012.02.21 14:45:32,18
9312,W-Nabellen offertes,10861,2012.02.29 15:04:52,7000,2012.02.29 15:08:44,3
9312,W-Nabellen offertes,10982,2012.03.03 15:34:47,7000,2012.03.03 15:40:24,5
9312,W-Nabellen offertes,10982,2012.03.03 15:49:22,7000,2012.03.03 15:52:02,2
9313,W-Completeren aanvraag,11169,2012.02.23 15:19:45,17400,2012.02.23 15:19:55,0
9313,W-Completeren aanvraag,11302,2012.02.23 15:42:00,17400,2012.02.23 15:53:37,11
9313,W-Nabellen offertes,11119,2012.03.03 10:15:26,17400,2012.03.03 10:18:40,3
