,org:group,concept:instance,org:resource,concept:name,time:timestamp,lifecycle:transition,case:startdate,case:responsible,case:enddate_planned,case:department,case:group,case:concept:name,case:deadline,case:channel,case:enddate
0,EMPTY,task-35,Resource08,Confirmation of receipt,2010-10-05 11:01:58.437000+00:00,complete,2010-10-03 23:06:40.020000+00:00,Resource08,2010-11-29 00:06:40.010000+00:00,Experts,,case-3766,2010-11-29 00:06:40+00:00,Desk,2010-11-29 12:18:50.141000+00:00
1,Group 1,task-67,Resource08,T06 Determine necessity of stop advice,2010-10-05 11:07:35.391000+00:00,complete,2010-10-03 23:06:40.020000+00:00,Resource08,2010-11-29 00:06:40.010000+00:00,Experts,,case-3766,2010-11-29 00:06:40+00:00,Desk,2010-11-29 12:18:50.141000+00:00
2,Group 1,task-68,Resource08,T10 Determine necessity to stop indication,2010-10-05 11:08:22.858000+00:00,complete,2010-10-03 23:06:40.020000+00:00,Resource08,2010-11-29 00:06:40.010000+00:00,Experts,,case-3766,2010-11-29 00:06:40+00:00,Desk,2010-11-29 12:18:50.141000+00:00
3,EMPTY,task-66,Resource24,T02 Check confirmation of receipt,2010-10-05 13:03:36.552000+00:00,complete,2010-10-03 23:06:40.020000+00:00,Resource08,2010-11-29 00:06:40.010000+00:00,Experts,,case-3766,2010-11-29 00:06:40+00:00,Desk,2010-11-29 12:18:50.141000+00:00
4,Group 1,task-81,Resource08,T03 Adjust confirmation of receipt,2010-10-05 13:22:03.157000+00:00,complete,2010-10-03 23:06:40.020000+00:00,Resource08,2010-11-29 00:06:40.010000+00:00,Experts,,case-3766,2010-11-29 00:06:40+00:00,Desk,2010-11-29 12:18:50.141000+00:00
5,EMPTY,task-84,Resource24,T02 Check confirmation of receipt,2010-10-05 13:26:38.519000+00:00,complete,2010-10-03 23:06:40.020000+00:00,Resource08,2010-11-29 00:06:40.010000+00:00,Experts,,case-3766,2010-11-29 00:06:40+00:00,Desk,2010-11-29 12:18:50.141000+00:00
6,EMPTY,task-86,Resource19,T04 Determine confirmation of receipt,2010-10-06 07:12:49.541000+00:00,complete,2010-10-03 23:06:40.020000+00:00,Resource08,2010-11-29 00:06:40.010000+00:00,Experts,,case-3766,2010-11-29 00:06:40+00:00,Desk,2010-11-29 12:18:50.141000+00:00
7,Group 2,task-96,Resource08,T05 Print and send confirmation of receipt,2010-10-07 13:16:55.755000+00:00,complete,2010-10-03 23:06:40.020000+00:00,Resource08,2010-11-29 00:06:40.010000+00:00,Experts,,case-3766,2010-11-29 00:06:40+00:00,Desk,2010-11-29 12:18:50.141000+00:00
8,Group 1,task-370,Resource11,Confirmation of receipt,2010-11-01 14:05:27.606000+00:00,complete,2010-10-11 22:00:00.020000+00:00,Resource07,2010-12-15 23:00:00.010000+00:00,General,,case-4025,2010-12-15 23:00:00+00:00,Post,2010-12-06 07:34:01.693000+00:00
9,Group 1,task-676,Resource11,T06 Determine necessity of stop advice,2010-11-01 14:05:48.091000+00:00,complete,2010-10-11 22:00:00.020000+00:00,Resource07,2010-12-15 23:00:00.010000+00:00,General,,case-4025,2010-12-15 23:00:00+00:00,Post,2010-12-06 07:34:01.693000+00:00
10,Group 1,task-677,Resource11,T10 Determine necessity to stop indication,2010-11-01 14:06:29.816000+00:00,complete,2010-10-11 22:00:00.020000+00:00,Resource07,2010-12-15 23:00:00.010000+00:00,General,,case-4025,2010-12-15 23:00:00+00:00,Post,2010-12-06 07:34:01.693000+00:00
11,Group 4,task-675,Resource11,T02 Check confirmation of receipt,2010-11-01 14:06:53.096000+00:00,complete,2010-10-11 22:00:00.020000+00:00,Resource07,2010-12-15 23:00:00.010000+00:00,General,,case-4025,2010-12-15 23:00:00+00:00,Post,2010-12-06 07:34:01.693000+00:00
12,Group 1,task-679,Resource07,T03 Adjust confirmation of receipt,2010-12-02 09:03:09.970000+00:00,complete,2010-10-11 22:00:00.020000+00:00,Resource07,2010-12-15 23:00:00.010000+00:00,General,,case-4025,2010-12-15 23:00:00+00:00,Post,2010-12-06 07:34:01.693000+00:00
13,Group 4,task-2615,Resource07,T02 Check confirmation of receipt,2010-12-02 09:03:48.065000+00:00,complete,2010-10-11 22:00:00.020000+00:00,Resource07,2010-12-15 23:00:00.010000+00:00,General,,case-4025,2010-12-15 23:00:00+00:00,Post,2010-12-06 07:34:01.693000+00:00
14,Group 3,task-2616,Resource07,T04 Determine confirmation of receipt,2010-12-02 09:04:10.288000+00:00,complete,2010-10-11 22:00:00.020000+00:00,Resource07,2010-12-15 23:00:00.010000+00:00,General,,case-4025,2010-12-15 23:00:00+00:00,Post,2010-12-06 07:34:01.693000+00:00
15,Group 2,task-2617,admin1,T05 Print and send confirmation of receipt,2010-12-02 09:10:12.758000+00:00,complete,2010-10-11 22:00:00.020000+00:00,Resource07,2010-12-15 23:00:00.010000+00:00,General,,case-4025,2010-12-15 23:00:00+00:00,Post,2010-12-06 07:34:01.693000+00:00
16,Group 1,task-1,Resource21,Confirmation of receipt,2010-10-20 10:56:58.348000+00:00,complete,2010-09-30 23:06:40.020000+00:00,Resource26,2010-11-26 00:06:40.010000+00:00,General,,case-416,2010-11-26 00:06:40+00:00,Internet,NaT
17,Group 4,task-315,Resource21,T02 Check confirmation of receipt,2010-10-20 10:57:49.263000+00:00,complete,2010-09-30 23:06:40.020000+00:00,Resource26,2010-11-26 00:06:40.010000+00:00,General,,case-416,2010-11-26 00:06:40+00:00,Internet,NaT
18,Group 3,task-317,Resource21,T04 Determine confirmation of receipt,2010-10-20 10:58:58.565000+00:00,complete,2010-09-30 23:06:40.020000+00:00,Resource26,2010-11-26 00:06:40.010000+00:00,General,,case-416,2010-11-26 00:06:40+00:00,Internet,NaT
19,Group 2,task-318,Resource21,T05 Print and send confirmation of receipt,2010-10-20 10:59:23.662000+00:00,complete,2010-09-30 23:06:40.020000+00:00,Resource26,2010-11-26 00:06:40.010000+00:00,General,,case-416,2010-11-26 00:06:40+00:00,Internet,NaT
20,Group 1,task-316,Resource21,T06 Determine necessity of stop advice,2010-10-20 11:02:33.507000+00:00,complete,2010-09-30 23:06:40.020000+00:00,Resource26,2010-11-26 00:06:40.010000+00:00,General,,case-416,2010-11-26 00:06:40+00:00,Internet,NaT
21,Group 1,task-319,Resource21,T10 Determine necessity to stop indication,2010-11-08 13:07:42.360000+00:00,complete,2010-09-30 23:06:40.020000+00:00,Resource26,2010-11-26 00:06:40.010000+00:00,General,,case-416,2010-11-26 00:06:40+00:00,Internet,NaT
22,Group 1,task-308,Resource12,Confirmation of receipt,2010-10-22 07:57:23.546000+00:00,complete,2010-10-14 23:06:40.020000+00:00,Resource12,2010-12-10 00:06:40.010000+00:00,General,,case-3989,2010-12-10 00:06:40+00:00,Internet,2010-12-29 15:18:00.338000+00:00
23,Group 4,task-382,Resource12,T02 Check confirmation of receipt,2010-10-22 07:57:46.254000+00:00,complete,2010-10-14 23:06:40.020000+00:00,Resource12,2010-12-10 00:06:40.010000+00:00,General,,case-3989,2010-12-10 00:06:40+00:00,Internet,2010-12-29 15:18:00.338000+00:00
24,Group 3,task-384,Resource12,T04 Determine confirmation of receipt,2010-10-22 07:58:13.317000+00:00,complete,2010-10-14 23:06:40.020000+00:00,Resource12,2010-12-10 00:06:40.010000+00:00,General,,case-3989,2010-12-10 00:06:40+00:00,Internet,2010-12-29 15:18:00.338000+00:00
25,Group 2,task-385,Resource12,T05 Print and send confirmation of receipt,2010-10-22 07:58:35.137000+00:00,complete,2010-10-14 23:06:40.020000+00:00,Resource12,2010-12-10 00:06:40.010000+00:00,General,,case-3989,2010-12-10 00:06:40+00:00,Internet,2010-12-29 15:18:00.338000+00:00
26,Group 1,task-383,Resource12,T06 Determine necessity of stop advice,2010-10-22 07:59:04.836000+00:00,complete,2010-10-14 23:06:40.020000+00:00,Resource12,2010-12-10 00:06:40.010000+00:00,General,,case-3989,2010-12-10 00:06:40+00:00,Internet,2010-12-29 15:18:00.338000+00:00
27,Group 1,task-386,Resource12,T10 Determine necessity to stop indication,2010-10-22 07:59:36.800000+00:00,complete,2010-10-14 23:06:40.020000+00:00,Resource12,2010-12-10 00:06:40.010000+00:00,General,,case-3989,2010-12-10 00:06:40+00:00,Internet,2010-12-29 15:18:00.338000+00:00
28,EMPTY,task-323,Resource08,Confirmation of receipt,2010-10-26 07:18:14.992000+00:00,complete,2010-10-17 23:06:40.020000+00:00,Resource08,2010-12-15 00:06:40.010000+00:00,Experts,,case-3998,2010-12-15 00:06:40+00:00,Internet,2010-12-15 14:27:27.932000+00:00
29,EMPTY,task-491,Resource19,T02 Check confirmation of receipt,2010-10-26 13:51:51.369000+00:00,complete,2010-10-17 23:06:40.020000+00:00,Resource08,2010-12-15 00:06:40.010000+00:00,Experts,,case-3998,2010-12-15 00:06:40+00:00,Internet,2010-12-15 14:27:27.932000+00:00
30,EMPTY,task-513,Resource19,T04 Determine confirmation of receipt,2010-10-28 09:45:05.599000+00:00,complete,2010-10-17 23:06:40.020000+00:00,Resource08,2010-12-15 00:06:40.010000+00:00,Experts,,case-3998,2010-12-15 00:06:40+00:00,Internet,2010-12-15 14:27:27.932000+00:00
31,Group 2,task-544,Resource20,T05 Print and send confirmation of receipt,2010-10-28 11:45:19.365000+00:00,complete,2010-10-17 23:06:40.020000+00:00,Resource08,2010-12-15 00:06:40.010000+00:00,Experts,,case-3998,2010-12-15 00:06:40+00:00,Internet,2010-12-15 14:27:27.932000+00:00
32,Group 1,task-492,Resource08,T06 Determine necessity of stop advice,2010-11-02 13:38:22.827000+00:00,complete,2010-10-17 23:06:40.020000+00:00,Resource08,2010-12-15 00:06:40.010000+00:00,Experts,,case-3998,2010-12-15 00:06:40+00:00,Internet,2010-12-15 14:27:27.932000+00:00
33,Group 1,task-724,Resource08,T10 Determine necessity to stop indication,2010-11-02 13:38:47.479000+00:00,complete,2010-10-17 23:06:40.020000+00:00,Resource08,2010-12-15 00:06:40.010000+00:00,Experts,,case-3998,2010-12-15 00:06:40+00:00,Internet,2010-12-15 14:27:27.932000+00:00
34,EMPTY,task-320,Resource08,Confirmation of receipt,2010-10-26 07:45:05.690000+00:00,complete,2010-10-19 23:06:40.020000+00:00,Resource08,2011-01-05 00:06:40.010000+00:00,Experts,,case-3995,2011-01-05 00:06:40+00:00,Internet,2010-12-28 08:28:09.296000+00:00
35,EMPTY,task-494,Resource19,T02 Check confirmation of receipt,2010-10-26 13:51:10.937000+00:00,complete,2010-10-19 23:06:40.020000+00:00,Resource08,2011-01-05 00:06:40.010000+00:00,Experts,,case-3995,2011-01-05 00:06:40+00:00,Internet,2010-12-28 08:28:09.296000+00:00
36,EMPTY,task-512,Resource19,T04 Determine confirmation of receipt,2010-10-28 09:44:43.133000+00:00,complete,2010-10-19 23:06:40.020000+00:00,Resource08,2011-01-05 00:06:40.010000+00:00,Experts,,case-3995,2011-01-05 00:06:40+00:00,Internet,2010-12-28 08:28:09.296000+00:00
37,Group 2,task-543,Resource20,T05 Print and send confirmation of receipt,2010-10-28 11:44:25.273000+00:00,complete,2010-10-19 23:06:40.020000+00:00,Resource08,2011-01-05 00:06:40.010000+00:00,Experts,,case-3995,2011-01-05 00:06:40+00:00,Internet,2010-12-28 08:28:09.296000+00:00
38,Group 1,task-495,Resource08,T06 Determine necessity of stop advice,2010-11-08 13:42:25.008000+00:00,complete,2010-10-19 23:06:40.020000+00:00,Resource08,2011-01-05 00:06:40.010000+00:00,Experts,,case-3995,2011-01-05 00:06:40+00:00,Internet,2010-12-28 08:28:09.296000+00:00
39,Group 1,task-1184,Resource08,T10 Determine necessity to stop indication,2010-11-08 14:17:20.902000+00:00,complete,2010-10-19 23:06:40.020000+00:00,Resource08,2011-01-05 00:06:40.010000+00:00,Experts,,case-3995,2011-01-05 00:06:40+00:00,Internet,2010-12-28 08:28:09.296000+00:00
40,Group 1,task-348,Resource08,Confirmation of receipt,2010-10-26 09:03:01.924000+00:00,complete,2010-10-17 23:06:40.020000+00:00,Resource08,2010-12-13 00:06:40.010000+00:00,Experts,,case-4010,2010-12-13 00:06:40+00:00,Internet,2010-12-14 15:12:14.310000+00:00
41,EMPTY,task-500,Resource19,T02 Check confirmation of receipt,2010-10-26 13:52:41.293000+00:00,complete,2010-10-17 23:06:40.020000+00:00,Resource08,2010-12-13 00:06:40.010000+00:00,Experts,,case-4010,2010-12-13 00:06:40+00:00,Internet,2010-12-14 15:12:14.310000+00:00
42,EMPTY,task-515,Resource19,T04 Determine confirmation of receipt,2010-10-28 09:46:26.703000+00:00,complete,2010-10-17 23:06:40.020000+00:00,Resource08,2010-12-13 00:06:40.010000+00:00,Experts,,case-4010,2010-12-13 00:06:40+00:00,Internet,2010-12-14 15:12:14.310000+00:00
43,Group 2,task-547,Resource20,T05 Print and send confirmation of receipt,2010-10-28 11:47:04.666000+00:00,complete,2010-10-17 23:06:40.020000+00:00,Resource08,2010-12-13 00:06:40.010000+00:00,Experts,,case-4010,2010-12-13 00:06:40+00:00,Internet,2010-12-14 15:12:14.310000+00:00
44,Group 1,task-501,Resource08,T06 Determine necessity of stop advice,2010-11-04 10:36:38.175000+00:00,complete,2010-10-17 23:06:40.020000+00:00,Resource08,2010-12-13 00:06:40.010000+00:00,Experts,,case-4010,2010-12-13 00:06:40+00:00,Internet,2010-12-14 15:12:14.310000+00:00
45,Group 1,task-883,Resource08,T10 Determine necessity to stop indication,2010-11-04 10:36:57.035000+00:00,complete,2010-10-17 23:06:40.020000+00:00,Resource08,2010-12-13 00:06:40.010000+00:00,Experts,,case-4010,2010-12-13 00:06:40+00:00,Internet,2010-12-14 15:12:14.310000+00:00
46,Group 1,task-490,Resource08,Confirmation of receipt,2010-11-05 10:42:28.549000+00:00,complete,2010-10-20 23:06:40.020000+00:00,Resource09,2010-12-21 00:06:40.010000+00:00,General,,case-4077,2010-12-21 00:06:40+00:00,Internet,2010-12-22 14:29:11.843000+00:00
47,EMPTY,task-1035,Resource24,T02 Check confirmation of receipt,2010-11-09 14:56:48.464000+00:00,complete,2010-10-20 23:06:40.020000+00:00,Resource09,2010-12-21 00:06:40.010000+00:00,General,,case-4077,2010-12-21 00:06:40+00:00,Internet,2010-12-22 14:29:11.843000+00:00
48,Group 3,task-1299,Resource10,T04 Determine confirmation of receipt,2010-11-12 13:48:36.475000+00:00,complete,2010-10-20 23:06:40.020000+00:00,Resource09,2010-12-21 00:06:40.010000+00:00,General,,case-4077,2010-12-21 00:06:40+00:00,Internet,2010-12-22 14:29:11.843000+00:00
49,Group 2,task-1435,admin1,T05 Print and send confirmation of receipt,2010-11-16 09:23:00.561000+00:00,complete,2010-10-20 23:06:40.020000+00:00,Resource09,2010-12-21 00:06:40.010000+00:00,General,,case-4077,2010-12-21 00:06:40+00:00,Internet,2010-12-22 14:29:11.843000+00:00
50,Group 1,task-1036,Resource09,T06 Determine necessity of stop advice,2010-11-17 11:06:19.161000+00:00,complete,2010-10-20 23:06:40.020000+00:00,Resource09,2010-12-21 00:06:40.010000+00:00,General,,case-4077,2010-12-21 00:06:40+00:00,Internet,2010-12-22 14:29:11.843000+00:00
51,Group 1,task-1564,Resource09,T10 Determine necessity to stop indication,2010-11-17 11:06:46.426000+00:00,complete,2010-10-20 23:06:40.020000+00:00,Resource09,2010-12-21 00:06:40.010000+00:00,General,,case-4077,2010-12-21 00:06:40+00:00,Internet,2010-12-22 14:29:11.843000+00:00
52,Group 1,task-310,Resource04,Confirmation of receipt,2010-10-22 09:17:05.605000+00:00,complete,2010-10-14 23:06:40.020000+00:00,Resource04,2010-12-10 00:06:40.010000+00:00,General,,case-3991,2010-12-10 00:06:40+00:00,Internet,2010-12-08 13:19:25.375000+00:00
53,Group 1,task-410,Resource04,T06 Determine necessity of stop advice,2010-10-22 09:23:44.282000+00:00,complete,2010-10-14 23:06:40.020000+00:00,Resource04,2010-12-10 00:06:40.010000+00:00,General,,case-3991,2010-12-10 00:06:40+00:00,Internet,2010-12-08 13:19:25.375000+00:00
54,Group 4,task-409,Resource04,T02 Check confirmation of receipt,2010-10-22 09:23:58.873000+00:00,complete,2010-10-14 23:06:40.020000+00:00,Resource04,2010-12-10 00:06:40.010000+00:00,General,,case-3991,2010-12-10 00:06:40+00:00,Internet,2010-12-08 13:19:25.375000+00:00
55,Group 3,task-412,Resource04,T04 Determine confirmation of receipt,2010-10-22 09:24:08.474000+00:00,complete,2010-10-14 23:06:40.020000+00:00,Resource04,2010-12-10 00:06:40.010000+00:00,General,,case-3991,2010-12-10 00:06:40+00:00,Internet,2010-12-08 13:19:25.375000+00:00
56,Group 1,task-411,Resource04,T10 Determine necessity to stop indication,2010-10-22 09:30:31.019000+00:00,complete,2010-10-14 23:06:40.020000+00:00,Resource04,2010-12-10 00:06:40.010000+00:00,General,,case-3991,2010-12-10 00:06:40+00:00,Internet,2010-12-08 13:19:25.375000+00:00
57,Group 2,task-413,Resource04,T05 Print and send confirmation of receipt,2010-10-22 09:34:43.024000+00:00,complete,2010-10-14 23:06:40.020000+00:00,Resource04,2010-12-10 00:06:40.010000+00:00,General,,case-3991,2010-12-10 00:06:40+00:00,Internet,2010-12-08 13:19:25.375000+00:00
58,EMPTY,task-2487,Resource07,Confirmation of receipt,2010-12-06 09:16:34.347000+00:00,complete,2010-11-16 00:06:40.010000+00:00,Resource07,2011-01-11 00:06:40.010000+00:00,General,,case-4589,2011-01-11 00:06:40+00:00,Internet,2010-12-24 11:27:38.174000+00:00
59,Group 1,task-2836,Resource07,T06 Determine necessity of stop advice,2010-12-06 09:18:57.378000+00:00,complete,2010-11-16 00:06:40.010000+00:00,Resource07,2011-01-11 00:06:40.010000+00:00,General,,case-4589,2011-01-11 00:06:40+00:00,Internet,2010-12-24 11:27:38.174000+00:00
60,Group 4,task-2835,Resource07,T02 Check confirmation of receipt,2010-12-06 09:19:25.141000+00:00,complete,2010-11-16 00:06:40.010000+00:00,Resource07,2011-01-11 00:06:40.010000+00:00,General,,case-4589,2011-01-11 00:06:40+00:00,Internet,2010-12-24 11:27:38.174000+00:00
61,Group 3,task-2838,Resource07,T04 Determine confirmation of receipt,2010-12-06 09:19:40.450000+00:00,complete,2010-11-16 00:06:40.010000+00:00,Resource07,2011-01-11 00:06:40.010000+00:00,General,,case-4589,2011-01-11 00:06:40+00:00,Internet,2010-12-24 11:27:38.174000+00:00
62,Group 1,task-2837,Resource07,T10 Determine necessity to stop indication,2010-12-06 09:20:07.236000+00:00,complete,2010-11-16 00:06:40.010000+00:00,Resource07,2011-01-11 00:06:40.010000+00:00,General,,case-4589,2011-01-11 00:06:40+00:00,Internet,2010-12-24 11:27:38.174000+00:00
63,Group 2,task-2839,admin1,T05 Print and send confirmation of receipt,2010-12-06 13:42:01.490000+00:00,complete,2010-11-16 00:06:40.010000+00:00,Resource07,2011-01-11 00:06:40.010000+00:00,General,,case-4589,2011-01-11 00:06:40+00:00,Internet,2010-12-24 11:27:38.174000+00:00
64,Group 1,task-304,Resource08,Confirmation of receipt,2010-10-26 08:47:33.327000+00:00,complete,2010-10-13 23:06:40.020000+00:00,Resource08,2011-01-05 00:06:40.010000+00:00,Experts,,case-3987,2011-01-05 00:06:40+00:00,Internet,2011-01-05 14:59:41.857000+00:00
65,Group 1,task-498,Resource08,T06 Determine necessity of stop advice,2010-10-26 10:23:24.830000+00:00,complete,2010-10-13 23:06:40.020000+00:00,Resource08,2011-01-05 00:06:40.010000+00:00,Experts,,case-3987,2011-01-05 00:06:40+00:00,Internet,2011-01-05 14:59:41.857000+00:00
66,Group 1,task-504,Resource08,T10 Determine necessity to stop indication,2010-10-26 10:27:17.766000+00:00,complete,2010-10-13 23:06:40.020000+00:00,Resource08,2011-01-05 00:06:40.010000+00:00,Experts,,case-3987,2011-01-05 00:06:40+00:00,Internet,2011-01-05 14:59:41.857000+00:00
67,EMPTY,task-497,Resource19,T02 Check confirmation of receipt,2010-10-26 13:52:17.181000+00:00,complete,2010-10-13 23:06:40.020000+00:00,Resource08,2011-01-05 00:06:40.010000+00:00,Experts,,case-3987,2011-01-05 00:06:40+00:00,Internet,2011-01-05 14:59:41.857000+00:00
68,EMPTY,task-514,Resource19,T04 Determine confirmation of receipt,2010-10-28 09:46:00.571000+00:00,complete,2010-10-13 23:06:40.020000+00:00,Resource08,2011-01-05 00:06:40.010000+00:00,Experts,,case-3987,2011-01-05 00:06:40+00:00,Internet,2011-01-05 14:59:41.857000+00:00
69,Group 2,task-545,Resource20,T05 Print and send confirmation of receipt,2010-10-28 11:46:25.048000+00:00,complete,2010-10-13 23:06:40.020000+00:00,Resource08,2011-01-05 00:06:40.010000+00:00,Experts,,case-3987,2011-01-05 00:06:40+00:00,Internet,2011-01-05 14:59:41.857000+00:00
70,Group 1,task-354,Resource11,Confirmation of receipt,2010-11-01 10:22:55.945000+00:00,complete,2010-10-03 22:00:00.020000+00:00,Resource01,2010-12-15 23:00:00.010000+00:00,General,,case-4014,2010-12-15 23:00:00+00:00,Internet,2010-12-02 12:12:39.256000+00:00
71,Group 1,task-612,Resource11,T06 Determine necessity of stop advice,2010-11-01 10:25:03.686000+00:00,complete,2010-10-03 22:00:00.020000+00:00,Resource01,2010-12-15 23:00:00.010000+00:00,General,,case-4014,2010-12-15 23:00:00+00:00,Internet,2010-12-02 12:12:39.256000+00:00
72,Group 1,task-613,Resource11,T10 Determine necessity to stop indication,2010-11-01 10:25:43.152000+00:00,complete,2010-10-03 22:00:00.020000+00:00,Resource01,2010-12-15 23:00:00.010000+00:00,General,,case-4014,2010-12-15 23:00:00+00:00,Internet,2010-12-02 12:12:39.256000+00:00
73,EMPTY,task-611,Resource21,T02 Check confirmation of receipt,2010-11-01 10:45:22.431000+00:00,complete,2010-10-03 22:00:00.020000+00:00,Resource01,2010-12-15 23:00:00.010000+00:00,General,,case-4014,2010-12-15 23:00:00+00:00,Internet,2010-12-02 12:12:39.256000+00:00
74,EMPTY,task-625,Resource19,T04 Determine confirmation of receipt,2010-11-01 11:39:19.161000+00:00,complete,2010-10-03 22:00:00.020000+00:00,Resource01,2010-12-15 23:00:00.010000+00:00,General,,case-4014,2010-12-15 23:00:00+00:00,Internet,2010-12-02 12:12:39.256000+00:00
75,Group 2,task-638,Resource20,T05 Print and send confirmation of receipt,2010-11-03 07:45:12.305000+00:00,complete,2010-10-03 22:00:00.020000+00:00,Resource01,2010-12-15 23:00:00.010000+00:00,General,,case-4014,2010-12-15 23:00:00+00:00,Internet,2010-12-02 12:12:39.256000+00:00
76,Group 1,task-357,Resource11,Confirmation of receipt,2010-11-01 11:16:04.360000+00:00,complete,2010-10-17 22:00:00.020000+00:00,Resource07,2010-12-15 23:00:00.010000+00:00,General,,case-4017,2010-12-15 23:00:00+00:00,Post,2010-12-07 13:49:47.626000+00:00
77,Group 1,task-628,Resource11,T06 Determine necessity of stop advice,2010-11-01 11:19:33.758000+00:00,complete,2010-10-17 22:00:00.020000+00:00,Resource07,2010-12-15 23:00:00.010000+00:00,General,,case-4017,2010-12-15 23:00:00+00:00,Post,2010-12-07 13:49:47.626000+00:00
78,Group 1,task-629,Resource11,T10 Determine necessity to stop indication,2010-11-01 11:21:48.593000+00:00,complete,2010-10-17 22:00:00.020000+00:00,Resource07,2010-12-15 23:00:00.010000+00:00,General,,case-4017,2010-12-15 23:00:00+00:00,Post,2010-12-07 13:49:47.626000+00:00
79,EMPTY,task-627,Resource19,T02 Check confirmation of receipt,2010-11-01 11:40:15.155000+00:00,complete,2010-10-17 22:00:00.020000+00:00,Resource07,2010-12-15 23:00:00.010000+00:00,General,,case-4017,2010-12-15 23:00:00+00:00,Post,2010-12-07 13:49:47.626000+00:00
80,EMPTY,task-639,Resource19,T04 Determine confirmation of receipt,2010-11-01 11:52:53.315000+00:00,complete,2010-10-17 22:00:00.020000+00:00,Resource07,2010-12-15 23:00:00.010000+00:00,General,,case-4017,2010-12-15 23:00:00+00:00,Post,2010-12-07 13:49:47.626000+00:00
81,Group 2,task-654,Resource20,T05 Print and send confirmation of receipt,2010-11-03 07:46:13.204000+00:00,complete,2010-10-17 22:00:00.020000+00:00,Resource07,2010-12-15 23:00:00.010000+00:00,General,,case-4017,2010-12-15 23:00:00+00:00,Post,2010-12-07 13:49:47.626000+00:00
82,Group 1,task-364,Resource11,Confirmation of receipt,2010-11-01 11:46:24.892000+00:00,complete,2010-10-11 22:00:00.020000+00:00,Resource07,2010-12-15 23:00:00.010000+00:00,General,,case-4020,2010-12-15 23:00:00+00:00,Post,2010-12-02 12:54:08.640000+00:00
83,Group 1,task-643,Resource11,T06 Determine necessity of stop advice,2010-11-01 11:46:55.737000+00:00,complete,2010-10-11 22:00:00.020000+00:00,Resource07,2010-12-15 23:00:00.010000+00:00,General,,case-4020,2010-12-15 23:00:00+00:00,Post,2010-12-02 12:54:08.640000+00:00
84,Group 1,task-644,Resource11,T10 Determine necessity to stop indication,2010-11-01 11:47:52.420000+00:00,complete,2010-10-11 22:00:00.020000+00:00,Resource07,2010-12-15 23:00:00.010000+00:00,General,,case-4020,2010-12-15 23:00:00+00:00,Post,2010-12-02 12:54:08.640000+00:00
85,EMPTY,task-642,Resource19,T02 Check confirmation of receipt,2010-11-04 09:29:40.881000+00:00,complete,2010-10-11 22:00:00.020000+00:00,Resource07,2010-12-15 23:00:00.010000+00:00,General,,case-4020,2010-12-15 23:00:00+00:00,Post,2010-12-02 12:54:08.640000+00:00
86,EMPTY,task-853,Resource19,T04 Determine confirmation of receipt,2010-11-09 10:20:01.131000+00:00,complete,2010-10-11 22:00:00.020000+00:00,Resource07,2010-12-15 23:00:00.010000+00:00,General,,case-4020,2010-12-15 23:00:00+00:00,Post,2010-12-02 12:54:08.640000+00:00
87,Group 2,task-1258,Resource20,T05 Print and send confirmation of receipt,2010-11-11 11:53:21.394000+00:00,complete,2010-10-11 22:00:00.020000+00:00,Resource07,2010-12-15 23:00:00.010000+00:00,General,,case-4020,2010-12-15 23:00:00+00:00,Post,2010-12-02 12:54:08.640000+00:00
88,Group 1,task-346,admin2,Confirmation of receipt,2010-10-26 13:28:43.424000+00:00,complete,2010-10-20 22:00:00.020000+00:00,Resource06,2010-12-15 23:00:00.010000+00:00,General,,case-4008,2010-12-15 23:00:00+00:00,Internet,2010-10-26 13:28:42.703000+00:00
89,EMPTY,task-355,admin2,Confirmation of receipt,2010-11-04 14:37:39.639000+00:00,complete,2010-10-03 22:00:00.020000+00:00,Resource11,2010-12-15 23:00:00.010000+00:00,General,,case-4015,2010-12-15 23:00:00+00:00,Internet,2010-11-04 14:37:38.995000+00:00
90,Group 1,task-1477,admin2,Confirmation of receipt,2010-11-23 14:37:51.505000+00:00,complete,2010-11-09 23:00:00.010000+00:00,Resource26,2011-01-09 23:00:00.010000+00:00,General,,case-4347,2011-01-09 23:00:00+00:00,Internet,2010-11-23 14:37:50.423000+00:00
91,Group 1,task-1478,admin2,Confirmation of receipt,2010-11-23 14:47:49.945000+00:00,complete,2010-11-09 23:00:00.010000+00:00,Resource26,2011-01-09 23:00:00.010000+00:00,General,,case-4348,2011-01-09 23:00:00+00:00,Internet,2010-11-23 14:47:48.446000+00:00
92,EMPTY,task-189,Resource11,Confirmation of receipt,2010-10-27 07:27:51.856000+00:00,complete,2010-10-10 22:00:00.020000+00:00,Resource01,2010-12-05 23:00:00.010000+00:00,General,,case-3879,2010-12-05 23:00:00+00:00,Internet,2010-12-06 08:01:13.501000+00:00
93,EMPTY,task-532,Resource19,T02 Check confirmation of receipt,2010-11-04 10:23:25.112000+00:00,complete,2010-10-10 22:00:00.020000+00:00,Resource01,2010-12-05 23:00:00.010000+00:00,General,,case-3879,2010-12-05 23:00:00+00:00,Internet,2010-12-06 08:01:13.501000+00:00
94,Group 1,task-533,Resource11,T06 Determine necessity of stop advice,2010-11-04 14:03:15.752000+00:00,complete,2010-10-10 22:00:00.020000+00:00,Resource01,2010-12-05 23:00:00.010000+00:00,General,,case-3879,2010-12-05 23:00:00+00:00,Internet,2010-12-06 08:01:13.501000+00:00
95,Group 1,task-972,Resource11,T10 Determine necessity to stop indication,2010-11-04 14:03:49.437000+00:00,complete,2010-10-10 22:00:00.020000+00:00,Resource01,2010-12-05 23:00:00.010000+00:00,General,,case-3879,2010-12-05 23:00:00+00:00,Internet,2010-12-06 08:01:13.501000+00:00
96,EMPTY,task-873,Resource19,T04 Determine confirmation of receipt,2010-11-26 08:30:16.271000+00:00,complete,2010-10-10 22:00:00.020000+00:00,Resource01,2010-12-05 23:00:00.010000+00:00,General,,case-3879,2010-12-05 23:00:00+00:00,Internet,2010-12-06 08:01:13.501000+00:00
97,EMPTY,task-2120,Resource11,T05 Print and send confirmation of receipt,2010-12-02 06:40:21.413000+00:00,complete,2010-10-10 22:00:00.020000+00:00,Resource01,2010-12-05 23:00:00.010000+00:00,General,,case-3879,2010-12-05 23:00:00+00:00,Internet,2010-12-06 08:01:13.501000+00:00
98,EMPTY,task-900,Resource11,Confirmation of receipt,2010-12-02 07:47:31.459000+00:00,complete,2010-11-02 00:06:40.010000+00:00,Resource11,2010-12-28 00:06:40.010000+00:00,General,,case-4208,2010-12-28 00:06:40+00:00,Internet,2010-12-20 10:17:48.529000+00:00
99,EMPTY,task-2583,Resource11,T02 Check confirmation of receipt,2010-12-02 07:48:34.402000+00:00,complete,2010-11-02 00:06:40.010000+00:00,Resource11,2010-12-28 00:06:40.010000+00:00,General,,case-4208,2010-12-28 00:06:40+00:00,Internet,2010-12-20 10:17:48.529000+00:00
100,Group 1,task-2584,Resource11,T06 Determine necessity of stop advice,2010-12-02 07:50:22.430000+00:00,complete,2010-11-02 00:06:40.010000+00:00,Resource11,2010-12-28 00:06:40.010000+00:00,General,,case-4208,2010-12-28 00:06:40+00:00,Internet,2010-12-20 10:17:48.529000+00:00
101,Group 1,task-2587,Resource11,T10 Determine necessity to stop indication,2010-12-02 07:53:00.533000+00:00,complete,2010-11-02 00:06:40.010000+00:00,Resource11,2010-12-28 00:06:40.010000+00:00,General,,case-4208,2010-12-28 00:06:40+00:00,Internet,2010-12-20 10:17:48.529000+00:00
102,EMPTY,task-2585,Resource11,T04 Determine confirmation of receipt,2010-12-02 07:54:01.332000+00:00,complete,2010-11-02 00:06:40.010000+00:00,Resource11,2010-12-28 00:06:40.010000+00:00,General,,case-4208,2010-12-28 00:06:40+00:00,Internet,2010-12-20 10:17:48.529000+00:00
103,EMPTY,task-2592,Resource11,T05 Print and send confirmation of receipt,2010-12-02 07:54:39.811000+00:00,complete,2010-11-02 00:06:40.010000+00:00,Resource11,2010-12-28 00:06:40.010000+00:00,General,,case-4208,2010-12-28 00:06:40+00:00,Internet,2010-12-20 10:17:48.529000+00:00
104,EMPTY,task-1259,Resource02,Confirmation of receipt,2010-12-02 14:03:17.656000+00:00,complete,2010-11-04 00:06:40.010000+00:00,Resource02,2010-12-30 00:06:40.010000+00:00,General,,case-4277,2010-12-30 00:06:40+00:00,Internet,2011-03-15 09:58:41.393000+00:00
105,EMPTY,task-2653,Resource02,T02 Check confirmation of receipt,2010-12-06 13:10:19.116000+00:00,complete,2010-11-04 00:06:40.010000+00:00,Resource02,2010-12-30 00:06:40.010000+00:00,General,,case-4277,2010-12-30 00:06:40+00:00,Internet,2011-03-15 09:58:41.393000+00:00
106,Group 1,task-2654,Resource02,T06 Determine necessity of stop advice,2010-12-06 13:42:57.169000+00:00,complete,2010-11-04 00:06:40.010000+00:00,Resource02,2010-12-30 00:06:40.010000+00:00,General,,case-4277,2010-12-30 00:06:40+00:00,Internet,2011-03-15 09:58:41.393000+00:00
107,Group 1,task-2996,Resource02,T10 Determine necessity to stop indication,2010-12-06 13:51:10.689000+00:00,complete,2010-11-04 00:06:40.010000+00:00,Resource02,2010-12-30 00:06:40.010000+00:00,General,,case-4277,2010-12-30 00:06:40+00:00,Internet,2011-03-15 09:58:41.393000+00:00
108,Group 3,task-2992,Resource10,T04 Determine confirmation of receipt,2010-12-07 07:47:24.975000+00:00,complete,2010-11-04 00:06:40.010000+00:00,Resource02,2010-12-30 00:06:40.010000+00:00,General,,case-4277,2010-12-30 00:06:40+00:00,Internet,2011-03-15 09:58:41.393000+00:00
109,Group 2,task-3040,admin1,T05 Print and send confirmation of receipt,2010-12-07 07:49:10.781000+00:00,complete,2010-11-04 00:06:40.010000+00:00,Resource02,2010-12-30 00:06:40.010000+00:00,General,,case-4277,2010-12-30 00:06:40+00:00,Internet,2011-03-15 09:58:41.393000+00:00
110,EMPTY,task-1924,Resource08,Confirmation of receipt,2010-12-03 11:12:23.592000+00:00,complete,2010-11-09 23:00:00.010000+00:00,Resource08,2011-01-04 23:00:00.010000+00:00,General,,case-4511,2011-01-04 23:00:00+00:00,Internet,2011-01-05 13:46:51.620000+00:00
111,Group 4,task-2690,Resource08,T02 Check confirmation of receipt,2010-12-03 11:12:46.827000+00:00,complete,2010-11-09 23:00:00.010000+00:00,Resource08,2011-01-04 23:00:00.010000+00:00,General,,case-4511,2011-01-04 23:00:00+00:00,Internet,2011-01-05 13:46:51.620000+00:00
112,Group 1,task-2691,Resource08,T06 Determine necessity of stop advice,2010-12-03 11:13:11.392000+00:00,complete,2010-11-09 23:00:00.010000+00:00,Resource08,2011-01-04 23:00:00.010000+00:00,General,,case-4511,2011-01-04 23:00:00+00:00,Internet,2011-01-05 13:46:51.620000+00:00
113,Group 1,task-2693,Resource08,T10 Determine necessity to stop indication,2010-12-03 11:13:27.511000+00:00,complete,2010-11-09 23:00:00.010000+00:00,Resource08,2011-01-04 23:00:00.010000+00:00,General,,case-4511,2011-01-04 23:00:00+00:00,Internet,2011-01-05 13:46:51.620000+00:00
114,Group 3,task-2692,Resource10,T04 Determine confirmation of receipt,2010-12-03 11:22:49.461000+00:00,complete,2010-11-09 23:00:00.010000+00:00,Resource08,2011-01-04 23:00:00.010000+00:00,General,,case-4511,2011-01-04 23:00:00+00:00,Internet,2011-01-05 13:46:51.620000+00:00
115,Group 2,task-2703,admin1,T05 Print and send confirmation of receipt,2010-12-06 13:39:47.169000+00:00,complete,2010-11-09 23:00:00.010000+00:00,Resource08,2011-01-04 23:00:00.010000+00:00,General,,case-4511,2011-01-04 23:00:00+00:00,Internet,2011-01-05 13:46:51.620000+00:00
116,Group 1,task-366,Resource11,Confirmation of receipt,2010-11-01 12:55:26.056000+00:00,complete,2010-10-11 22:00:00.020000+00:00,Resource01,2010-12-15 23:00:00.010000+00:00,General,,case-4021,2010-12-15 23:00:00+00:00,Internet,2010-12-06 14:58:40.035000+00:00
117,Group 1,task-663,Resource11,T06 Determine necessity of stop advice,2010-11-01 12:56:49.019000+00:00,complete,2010-10-11 22:00:00.020000+00:00,Resource01,2010-12-15 23:00:00.010000+00:00,General,,case-4021,2010-12-15 23:00:00+00:00,Internet,2010-12-06 14:58:40.035000+00:00
118,Group 1,task-664,Resource11,T10 Determine necessity to stop indication,2010-11-01 12:59:17.587000+00:00,complete,2010-10-11 22:00:00.020000+00:00,Resource01,2010-12-15 23:00:00.010000+00:00,General,,case-4021,2010-12-15 23:00:00+00:00,Internet,2010-12-06 14:58:40.035000+00:00
119,Group 1,task-665,Resource11,T16 Report reasons to hold request,2010-11-01 13:08:01.278000+00:00,complete,2010-10-11 22:00:00.020000+00:00,Resource01,2010-12-15 23:00:00.010000+00:00,General,,case-4021,2010-12-15 23:00:00+00:00,Internet,2010-12-06 14:58:40.035000+00:00
120,Group 4,task-666,Resource11,T17 Check report Y to stop indication,2010-11-01 13:21:05.870000+00:00,complete,2010-10-11 22:00:00.020000+00:00,Resource01,2010-12-15 23:00:00.010000+00:00,General,,case-4021,2010-12-15 23:00:00+00:00,Internet,2010-12-06 14:58:40.035000+00:00
121,Group 3,task-667,Resource11,T19 Determine report Y to stop indication,2010-11-01 13:22:02.839000+00:00,complete,2010-10-11 22:00:00.020000+00:00,Resource01,2010-12-15 23:00:00.010000+00:00,General,,case-4021,2010-12-15 23:00:00+00:00,Internet,2010-12-06 14:58:40.035000+00:00
122,Group 2,task-668,Resource11,T20 Print report Y to stop indication,2010-11-01 13:22:22.753000+00:00,complete,2010-10-11 22:00:00.020000+00:00,Resource01,2010-12-15 23:00:00.010000+00:00,General,,case-4021,2010-12-15 23:00:00+00:00,Internet,2010-12-06 14:58:40.035000+00:00
123,EMPTY,task-662,Resource32,T02 Check confirmation of receipt,2010-11-09 07:47:01.792000+00:00,complete,2010-10-11 22:00:00.020000+00:00,Resource01,2010-12-15 23:00:00.010000+00:00,General,,case-4021,2010-12-15 23:00:00+00:00,Internet,2010-12-06 14:58:40.035000+00:00
124,EMPTY,task-1229,Resource19,T04 Determine confirmation of receipt,2010-11-09 12:04:41.176000+00:00,complete,2010-10-11 22:00:00.020000+00:00,Resource01,2010-12-15 23:00:00.010000+00:00,General,,case-4021,2010-12-15 23:00:00+00:00,Internet,2010-12-06 14:58:40.035000+00:00
125,Group 2,task-1272,Resource20,T05 Print and send confirmation of receipt,2010-11-11 11:54:27.065000+00:00,complete,2010-10-11 22:00:00.020000+00:00,Resource01,2010-12-15 23:00:00.010000+00:00,General,,case-4021,2010-12-15 23:00:00+00:00,Internet,2010-12-06 14:58:40.035000+00:00
126,Group 1,task-508,Resource08,Confirmation of receipt,2010-11-05 07:58:23.197000+00:00,complete,2010-10-10 23:06:40.020000+00:00,Resource08,2010-12-21 00:06:40.010000+00:00,Experts,,case-4081,2010-12-21 00:06:40+00:00,Internet,2010-11-30 14:33:33.288000+00:00
127,EMPTY,task-1011,Resource24,T02 Check confirmation of receipt,2010-11-05 08:39:29.677000+00:00,complete,2010-10-10 23:06:40.020000+00:00,Resource08,2010-12-21 00:06:40.010000+00:00,Experts,,case-4081,2010-12-21 00:06:40+00:00,Internet,2010-11-30 14:33:33.288000+00:00
128,Group 1,task-1023,Resource08,T03 Adjust confirmation of receipt,2010-11-05 10:22:11.329000+00:00,complete,2010-10-10 23:06:40.020000+00:00,Resource08,2010-12-21 00:06:40.010000+00:00,Experts,,case-4081,2010-12-21 00:06:40+00:00,Internet,2010-11-30 14:33:33.288000+00:00
129,EMPTY,task-1032,Resource24,T02 Check confirmation of receipt,2010-11-09 14:45:27.109000+00:00,complete,2010-10-10 23:06:40.020000+00:00,Resource08,2010-12-21 00:06:40.010000+00:00,Experts,,case-4081,2010-12-21 00:06:40+00:00,Internet,2010-11-30 14:33:33.288000+00:00
130,Group 3,task-1297,Resource10,T04 Determine confirmation of receipt,2010-11-12 14:02:26.576000+00:00,complete,2010-10-10 23:06:40.020000+00:00,Resource08,2010-12-21 00:06:40.010000+00:00,Experts,,case-4081,2010-12-21 00:06:40+00:00,Internet,2010-11-30 14:33:33.288000+00:00
131,Group 2,task-1443,admin1,T05 Print and send confirmation of receipt,2010-11-16 09:29:07.375000+00:00,complete,2010-10-10 23:06:40.020000+00:00,Resource08,2010-12-21 00:06:40.010000+00:00,Experts,,case-4081,2010-12-21 00:06:40+00:00,Internet,2010-11-30 14:33:33.288000+00:00
132,Group 1,task-1012,Resource08,T06 Determine necessity of stop advice,2010-11-18 11:24:28.715000+00:00,complete,2010-10-10 23:06:40.020000+00:00,Resource08,2010-12-21 00:06:40.010000+00:00,Experts,,case-4081,2010-12-21 00:06:40+00:00,Internet,2010-11-30 14:33:33.288000+00:00
133,Group 1,task-1644,Resource08,T10 Determine necessity to stop indication,2010-11-18 11:24:43.413000+00:00,complete,2010-10-10 23:06:40.020000+00:00,Resource08,2010-12-21 00:06:40.010000+00:00,Experts,,case-4081,2010-12-21 00:06:40+00:00,Internet,2010-11-30 14:33:33.288000+00:00
134,Group 1,task-1510,Resource15,Confirmation of receipt,2010-11-23 11:25:37.551000+00:00,complete,2010-11-01 00:06:40.010000+00:00,Resource15,2010-12-23 00:06:40.010000+00:00,General,,case-4380,2010-12-23 00:06:40+00:00,Internet,2010-12-22 15:21:33.700000+00:00
135,EMPTY,task-1884,Resource24,T02 Check confirmation of receipt,2010-11-26 07:58:13.474000+00:00,complete,2010-11-01 00:06:40.010000+00:00,Resource15,2010-12-23 00:06:40.010000+00:00,General,,case-4380,2010-12-23 00:06:40+00:00,Internet,2010-12-22 15:21:33.700000+00:00
136,Group 3,task-2104,Resource15,T04 Determine confirmation of receipt,2010-11-30 07:39:05.866000+00:00,complete,2010-11-01 00:06:40.010000+00:00,Resource15,2010-12-23 00:06:40.010000+00:00,General,,case-4380,2010-12-23 00:06:40+00:00,Internet,2010-12-22 15:21:33.700000+00:00
137,Group 1,task-1885,Resource15,T06 Determine necessity of stop advice,2010-11-30 07:40:11.604000+00:00,complete,2010-11-01 00:06:40.010000+00:00,Resource15,2010-12-23 00:06:40.010000+00:00,General,,case-4380,2010-12-23 00:06:40+00:00,Internet,2010-12-22 15:21:33.700000+00:00
138,Group 1,task-2305,Resource15,T10 Determine necessity to stop indication,2010-11-30 07:40:35.638000+00:00,complete,2010-11-01 00:06:40.010000+00:00,Resource15,2010-12-23 00:06:40.010000+00:00,General,,case-4380,2010-12-23 00:06:40+00:00,Internet,2010-12-22 15:21:33.700000+00:00
139,Group 2,task-2304,admin1,T05 Print and send confirmation of receipt,2010-12-06 14:16:35.712000+00:00,complete,2010-11-01 00:06:40.010000+00:00,Resource15,2010-12-23 00:06:40.010000+00:00,General,,case-4380,2010-12-23 00:06:40+00:00,Internet,2010-12-22 15:21:33.700000+00:00
140,Group 1,task-1903,Resource04,Confirmation of receipt,2010-11-24 15:02:24.377000+00:00,complete,2010-10-11 22:00:00.020000+00:00,Resource04,2010-12-06 23:00:00.010000+00:00,General,,case-4500,2010-12-06 23:00:00+00:00,Internet,2010-12-07 09:30:13.041000+00:00
141,Group 4,task-1988,Resource04,T02 Check confirmation of receipt,2010-11-24 15:02:37.600000+00:00,complete,2010-10-11 22:00:00.020000+00:00,Resource04,2010-12-06 23:00:00.010000+00:00,General,,case-4500,2010-12-06 23:00:00+00:00,Internet,2010-12-07 09:30:13.041000+00:00
142,Group 3,task-1990,Resource04,T04 Determine confirmation of receipt,2010-11-24 15:02:47.233000+00:00,complete,2010-10-11 22:00:00.020000+00:00,Resource04,2010-12-06 23:00:00.010000+00:00,General,,case-4500,2010-12-06 23:00:00+00:00,Internet,2010-12-07 09:30:13.041000+00:00
143,Group 1,task-1989,Resource04,T06 Determine necessity of stop advice,2010-11-24 15:02:59.904000+00:00,complete,2010-10-11 22:00:00.020000+00:00,Resource04,2010-12-06 23:00:00.010000+00:00,General,,case-4500,2010-12-06 23:00:00+00:00,Internet,2010-12-07 09:30:13.041000+00:00
144,Group 1,task-1992,Resource04,T10 Determine necessity to stop indication,2010-11-24 15:03:16.770000+00:00,complete,2010-10-11 22:00:00.020000+00:00,Resource04,2010-12-06 23:00:00.010000+00:00,General,,case-4500,2010-12-06 23:00:00+00:00,Internet,2010-12-07 09:30:13.041000+00:00
145,Group 2,task-1991,Resource04,T05 Print and send confirmation of receipt,2010-11-24 15:26:00.225000+00:00,complete,2010-10-11 22:00:00.020000+00:00,Resource04,2010-12-06 23:00:00.010000+00:00,General,,case-4500,2010-12-06 23:00:00+00:00,Internet,2010-12-07 09:30:13.041000+00:00
146,Group 1,task-2144,Resource04,Confirmation of receipt,2010-11-29 13:13:38.573000+00:00,complete,2010-11-10 00:06:40.010000+00:00,Resource04,2011-01-05 00:06:40.010000+00:00,General,,case-4556,2011-01-05 00:06:40+00:00,Internet,2011-01-04 09:04:20.408000+00:00
147,Group 4,task-2225,Resource04,T02 Check confirmation of receipt,2010-11-29 13:15:30.723000+00:00,complete,2010-11-10 00:06:40.010000+00:00,Resource04,2011-01-05 00:06:40.010000+00:00,General,,case-4556,2011-01-05 00:06:40+00:00,Internet,2011-01-04 09:04:20.408000+00:00
148,Group 3,task-2228,Resource04,T04 Determine confirmation of receipt,2010-11-29 13:15:43.456000+00:00,complete,2010-11-10 00:06:40.010000+00:00,Resource04,2011-01-05 00:06:40.010000+00:00,General,,case-4556,2011-01-05 00:06:40+00:00,Internet,2011-01-04 09:04:20.408000+00:00
149,Group 1,task-2226,Resource04,T06 Determine necessity of stop advice,2010-11-29 13:17:11.457000+00:00,complete,2010-11-10 00:06:40.010000+00:00,Resource04,2011-01-05 00:06:40.010000+00:00,General,,case-4556,2011-01-05 00:06:40+00:00,Internet,2011-01-04 09:04:20.408000+00:00
150,Group 1,task-2232,Resource04,T10 Determine necessity to stop indication,2010-11-29 13:29:07.956000+00:00,complete,2010-11-10 00:06:40.010000+00:00,Resource04,2011-01-05 00:06:40.010000+00:00,General,,case-4556,2011-01-05 00:06:40+00:00,Internet,2011-01-04 09:04:20.408000+00:00
151,Group 2,task-2229,admin1,T05 Print and send confirmation of receipt,2010-11-30 09:17:33.827000+00:00,complete,2010-11-10 00:06:40.010000+00:00,Resource04,2011-01-05 00:06:40.010000+00:00,General,,case-4556,2011-01-05 00:06:40+00:00,Internet,2011-01-04 09:04:20.408000+00:00
152,EMPTY,task-2528,Resource07,Confirmation of receipt,2010-12-06 10:43:40.461000+00:00,complete,2010-11-17 00:06:40.010000+00:00,Resource07,2011-01-12 00:06:40.010000+00:00,General,,case-4603,2011-01-12 00:06:40+00:00,Internet,2010-12-24 11:11:58.365000+00:00
153,Group 4,task-2931,Resource07,T02 Check confirmation of receipt,2010-12-06 10:43:57.995000+00:00,complete,2010-11-17 00:06:40.010000+00:00,Resource07,2011-01-12 00:06:40.010000+00:00,General,,case-4603,2011-01-12 00:06:40+00:00,Internet,2010-12-24 11:11:58.365000+00:00
154,Group 3,task-2933,Resource07,T04 Determine confirmation of receipt,2010-12-06 10:44:11.319000+00:00,complete,2010-11-17 00:06:40.010000+00:00,Resource07,2011-01-12 00:06:40.010000+00:00,General,,case-4603,2011-01-12 00:06:40+00:00,Internet,2010-12-24 11:11:58.365000+00:00
155,Group 1,task-2932,Resource07,T06 Determine necessity of stop advice,2010-12-06 10:44:36.318000+00:00,complete,2010-11-17 00:06:40.010000+00:00,Resource07,2011-01-12 00:06:40.010000+00:00,General,,case-4603,2011-01-12 00:06:40+00:00,Internet,2010-12-24 11:11:58.365000+00:00
156,Group 1,task-2935,Resource07,T10 Determine necessity to stop indication,2010-12-06 10:44:56.579000+00:00,complete,2010-11-17 00:06:40.010000+00:00,Resource07,2011-01-12 00:06:40.010000+00:00,General,,case-4603,2011-01-12 00:06:40+00:00,Internet,2010-12-24 11:11:58.365000+00:00
157,Group 2,task-2934,admin1,T05 Print and send confirmation of receipt,2010-12-06 14:05:46.768000+00:00,complete,2010-11-17 00:06:40.010000+00:00,Resource07,2011-01-12 00:06:40.010000+00:00,General,,case-4603,2011-01-12 00:06:40+00:00,Internet,2010-12-24 11:11:58.365000+00:00
158,Group 1,task-1468,Resource21,Confirmation of receipt,2010-11-25 08:01:06.997000+00:00,complete,2010-11-14 23:00:00.010000+00:00,Resource21,2011-01-09 23:00:00.010000+00:00,General,,case-4346,2011-01-09 23:00:00+00:00,Internet,2011-08-18 06:42:21.805000+00:00
159,EMPTY,task-2020,Resource21,T02 Check confirmation of receipt,2010-11-25 08:09:53.721000+00:00,complete,2010-11-14 23:00:00.010000+00:00,Resource21,2011-01-09 23:00:00.010000+00:00,General,,case-4346,2011-01-09 23:00:00+00:00,Internet,2011-08-18 06:42:21.805000+00:00
160,Group 3,task-2032,Resource21,T04 Determine confirmation of receipt,2010-11-25 09:24:54.306000+00:00,complete,2010-11-14 23:00:00.010000+00:00,Resource21,2011-01-09 23:00:00.010000+00:00,General,,case-4346,2011-01-09 23:00:00+00:00,Internet,2011-08-18 06:42:21.805000+00:00
161,Group 2,task-2041,admin1,T05 Print and send confirmation of receipt,2010-11-30 08:32:31.628000+00:00,complete,2010-11-14 23:00:00.010000+00:00,Resource21,2011-01-09 23:00:00.010000+00:00,General,,case-4346,2011-01-09 23:00:00+00:00,Internet,2011-08-18 06:42:21.805000+00:00
162,EMPTY,task-2021,Resource21,T06 Determine necessity of stop advice,2011-04-04 11:48:49.776000+00:00,complete,2010-11-14 23:00:00.010000+00:00,Resource21,2011-01-09 23:00:00.010000+00:00,General,,case-4346,2011-01-09 23:00:00+00:00,Internet,2011-08-18 06:42:21.805000+00:00
163,Group 13,task-18944,Resource21,T07-1 Draft intern advice aspect 1,2011-04-04 11:51:48.317000+00:00,complete,2010-11-14 23:00:00.010000+00:00,Resource21,2011-01-09 23:00:00.010000+00:00,General,,case-4346,2011-01-09 23:00:00+00:00,Internet,2011-08-18 06:42:21.805000+00:00
164,Group 1,task-18945,Resource21,T06 Determine necessity of stop advice,2011-04-04 11:52:20.251000+00:00,complete,2010-11-14 23:00:00.010000+00:00,Resource21,2011-01-09 23:00:00.010000+00:00,General,,case-4346,2011-01-09 23:00:00+00:00,Internet,2011-08-18 06:42:21.805000+00:00
165,Group 1,task-18946,Resource21,T10 Determine necessity to stop indication,2011-04-04 11:54:21.379000+00:00,complete,2010-11-14 23:00:00.010000+00:00,Resource21,2011-01-09 23:00:00.010000+00:00,General,,case-4346,2011-01-09 23:00:00+00:00,Internet,2011-08-18 06:42:21.805000+00:00
166,EMPTY,task-1156,Resource11,Confirmation of receipt,2010-11-30 11:05:24.139000+00:00,complete,2010-11-03 00:06:40.010000+00:00,Resource11,2010-12-29 00:06:40.010000+00:00,General,,case-4249,2010-12-29 00:06:40+00:00,Internet,2010-12-21 08:21:08.535000+00:00
167,Group 1,task-2396,Resource11,T06 Determine necessity of stop advice,2010-11-30 11:18:29.293000+00:00,complete,2010-11-03 00:06:40.010000+00:00,Resource11,2010-12-29 00:06:40.010000+00:00,General,,case-4249,2010-12-29 00:06:40+00:00,Internet,2010-12-21 08:21:08.535000+00:00
168,EMPTY,task-2395,Resource11,T02 Check confirmation of receipt,2010-11-30 11:19:14.969000+00:00,complete,2010-11-03 00:06:40.010000+00:00,Resource11,2010-12-29 00:06:40.010000+00:00,General,,case-4249,2010-12-29 00:06:40+00:00,Internet,2010-12-21 08:21:08.535000+00:00
169,Group 1,task-2400,Resource11,T10 Determine necessity to stop indication,2010-11-30 11:19:49.002000+00:00,complete,2010-11-03 00:06:40.010000+00:00,Resource11,2010-12-29 00:06:40.010000+00:00,General,,case-4249,2010-12-29 00:06:40+00:00,Internet,2010-12-21 08:21:08.535000+00:00
170,Group 3,task-2401,Resource11,T04 Determine confirmation of receipt,2010-11-30 11:20:31.346000+00:00,complete,2010-11-03 00:06:40.010000+00:00,Resource11,2010-12-29 00:06:40.010000+00:00,General,,case-4249,2010-12-29 00:06:40+00:00,Internet,2010-12-21 08:21:08.535000+00:00
171,Group 2,task-2405,Resource11,T05 Print and send confirmation of receipt,2010-11-30 11:20:46.444000+00:00,complete,2010-11-03 00:06:40.010000+00:00,Resource11,2010-12-29 00:06:40.010000+00:00,General,,case-4249,2010-12-29 00:06:40+00:00,Internet,2010-12-21 08:21:08.535000+00:00
172,EMPTY,task-2365,Resource07,Confirmation of receipt,2010-12-06 10:12:17.536000+00:00,complete,2010-11-13 00:06:40.010000+00:00,Resource07,2011-01-08 00:06:40.010000+00:00,General,,case-4583,2011-01-08 00:06:40+00:00,Internet,2010-12-31 14:49:44.284000+00:00
173,Group 1,task-2890,Resource07,T06 Determine necessity of stop advice,2010-12-06 10:12:33.385000+00:00,complete,2010-11-13 00:06:40.010000+00:00,Resource07,2011-01-08 00:06:40.010000+00:00,General,,case-4583,2011-01-08 00:06:40+00:00,Internet,2010-12-31 14:49:44.284000+00:00
174,Group 4,task-2889,Resource07,T02 Check confirmation of receipt,2010-12-06 10:15:59.708000+00:00,complete,2010-11-13 00:06:40.010000+00:00,Resource07,2011-01-08 00:06:40.010000+00:00,General,,case-4583,2011-01-08 00:06:40+00:00,Internet,2010-12-31 14:49:44.284000+00:00
175,Group 1,task-2892,Resource07,T10 Determine necessity to stop indication,2010-12-06 10:16:23.369000+00:00,complete,2010-11-13 00:06:40.010000+00:00,Resource07,2011-01-08 00:06:40.010000+00:00,General,,case-4583,2011-01-08 00:06:40+00:00,Internet,2010-12-31 14:49:44.284000+00:00
176,Group 3,task-2893,Resource07,T04 Determine confirmation of receipt,2010-12-06 10:16:40.882000+00:00,complete,2010-11-13 00:06:40.010000+00:00,Resource07,2011-01-08 00:06:40.010000+00:00,General,,case-4583,2011-01-08 00:06:40+00:00,Internet,2010-12-31 14:49:44.284000+00:00
177,Group 2,task-2898,admin1,T05 Print and send confirmation of receipt,2010-12-06 13:53:45.674000+00:00,complete,2010-11-13 00:06:40.010000+00:00,Resource07,2011-01-08 00:06:40.010000+00:00,General,,case-4583,2011-01-08 00:06:40+00:00,Internet,2010-12-31 14:49:44.284000+00:00
178,EMPTY,task-1429,Resource11,Confirmation of receipt,2010-11-30 12:56:43.347000+00:00,complete,2010-11-05 00:06:40.010000+00:00,Resource11,2010-12-31 00:06:40.010000+00:00,General,,case-4319,2010-12-31 00:06:40+00:00,Internet,2010-12-17 14:00:28.299000+00:00
179,Group 4,task-2425,Resource11,T02 Check confirmation of receipt,2010-11-30 12:57:29.374000+00:00,complete,2010-11-05 00:06:40.010000+00:00,Resource11,2010-12-31 00:06:40.010000+00:00,General,,case-4319,2010-12-31 00:06:40+00:00,Internet,2010-12-17 14:00:28.299000+00:00
180,Group 1,task-2426,Resource11,T06 Determine necessity of stop advice,2010-11-30 12:58:42.811000+00:00,complete,2010-11-05 00:06:40.010000+00:00,Resource11,2010-12-31 00:06:40.010000+00:00,General,,case-4319,2010-12-31 00:06:40+00:00,Internet,2010-12-17 14:00:28.299000+00:00
181,EMPTY,task-2427,Resource11,T04 Determine confirmation of receipt,2010-11-30 12:59:06.922000+00:00,complete,2010-11-05 00:06:40.010000+00:00,Resource11,2010-12-31 00:06:40.010000+00:00,General,,case-4319,2010-12-31 00:06:40+00:00,Internet,2010-12-17 14:00:28.299000+00:00
182,EMPTY,task-2431,Resource11,T05 Print and send confirmation of receipt,2010-11-30 13:00:38.275000+00:00,complete,2010-11-05 00:06:40.010000+00:00,Resource11,2010-12-31 00:06:40.010000+00:00,General,,case-4319,2010-12-31 00:06:40+00:00,Internet,2010-12-17 14:00:28.299000+00:00
183,Group 1,task-2429,Resource11,T10 Determine necessity to stop indication,2010-11-30 13:01:04.464000+00:00,complete,2010-11-05 00:06:40.010000+00:00,Resource11,2010-12-31 00:06:40.010000+00:00,General,,case-4319,2010-12-31 00:06:40+00:00,Internet,2010-12-17 14:00:28.299000+00:00
184,EMPTY,task-6189,Resource07,Confirmation of receipt,2011-01-04 09:41:13.343000+00:00,complete,2010-12-13 23:00:00.010000+00:00,Resource11,2011-02-07 23:00:00.010000+00:00,General,,case-5024,2011-02-07 23:00:00+00:00,Internet,2011-01-20 14:42:14.981000+00:00
185,EMPTY,task-6666,Resource19,T02 Check confirmation of receipt,2011-01-05 10:02:31.403000+00:00,complete,2010-12-13 23:00:00.010000+00:00,Resource11,2011-02-07 23:00:00.010000+00:00,General,,case-5024,2011-02-07 23:00:00+00:00,Internet,2011-01-20 14:42:14.981000+00:00
186,Group 1,task-6667,Resource01,T06 Determine necessity of stop advice,2011-01-06 10:34:46.345000+00:00,complete,2010-12-13 23:00:00.010000+00:00,Resource11,2011-02-07 23:00:00.010000+00:00,General,,case-5024,2011-02-07 23:00:00+00:00,Internet,2011-01-20 14:42:14.981000+00:00
187,EMPTY,task-6815,Resource19,T04 Determine confirmation of receipt,2011-01-07 09:04:20.198000+00:00,complete,2010-12-13 23:00:00.010000+00:00,Resource11,2011-02-07 23:00:00.010000+00:00,General,,case-5024,2011-02-07 23:00:00+00:00,Internet,2011-01-20 14:42:14.981000+00:00
188,Group 2,task-7200,Resource07,T05 Print and send confirmation of receipt,2011-01-07 12:31:13.435000+00:00,complete,2010-12-13 23:00:00.010000+00:00,Resource11,2011-02-07 23:00:00.010000+00:00,General,,case-5024,2011-02-07 23:00:00+00:00,Internet,2011-01-20 14:42:14.981000+00:00
189,Group 1,task-7025,Resource11,T10 Determine necessity to stop indication,2011-01-12 07:31:51.362000+00:00,complete,2010-12-13 23:00:00.010000+00:00,Resource11,2011-02-07 23:00:00.010000+00:00,General,,case-5024,2011-02-07 23:00:00+00:00,Internet,2011-01-20 14:42:14.981000+00:00
190,EMPTY,task-8119,Resource08,Confirmation of receipt,2011-01-14 13:16:02.335000+00:00,complete,2010-12-31 00:06:40.010000+00:00,Resource08,2011-02-25 00:06:40.010000+00:00,General,,case-5299,2011-02-25 00:06:40+00:00,Internet,2011-02-15 09:59:01.802000+00:00
191,Group 4,task-8414,Resource08,T02 Check confirmation of receipt,2011-01-14 13:16:34.590000+00:00,complete,2010-12-31 00:06:40.010000+00:00,Resource08,2011-02-25 00:06:40.010000+00:00,General,,case-5299,2011-02-25 00:06:40+00:00,Internet,2011-02-15 09:59:01.802000+00:00
192,Group 1,task-8415,Resource08,T06 Determine necessity of stop advice,2011-01-14 13:16:52.078000+00:00,complete,2010-12-31 00:06:40.010000+00:00,Resource08,2011-02-25 00:06:40.010000+00:00,General,,case-5299,2011-02-25 00:06:40+00:00,Internet,2011-02-15 09:59:01.802000+00:00
193,Group 3,task-8416,Resource08,T04 Determine confirmation of receipt,2011-01-14 13:18:46.191000+00:00,complete,2010-12-31 00:06:40.010000+00:00,Resource08,2011-02-25 00:06:40.010000+00:00,General,,case-5299,2011-02-25 00:06:40+00:00,Internet,2011-02-15 09:59:01.802000+00:00
194,Group 2,task-8418,admin1,T05 Print and send confirmation of receipt,2011-01-18 08:31:34.057000+00:00,complete,2010-12-31 00:06:40.010000+00:00,Resource08,2011-02-25 00:06:40.010000+00:00,General,,case-5299,2011-02-25 00:06:40+00:00,Internet,2011-02-15 09:59:01.802000+00:00
195,Group 1,task-8417,Resource08,T10 Determine necessity to stop indication,2011-01-31 10:30:46.404000+00:00,complete,2010-12-31 00:06:40.010000+00:00,Resource08,2011-02-25 00:06:40.010000+00:00,General,,case-5299,2011-02-25 00:06:40+00:00,Internet,2011-02-15 09:59:01.802000+00:00
196,EMPTY,task-660,Resource11,Confirmation of receipt,2010-12-02 06:47:54.417000+00:00,complete,2010-10-25 23:06:40.020000+00:00,Resource11,2010-12-21 00:06:40.010000+00:00,Customer contact,,case-4158,2010-12-21 00:06:40+00:00,Internet,2011-01-14 10:39:10.177000+00:00
197,EMPTY,task-2550,Resource19,T02 Check confirmation of receipt,2010-12-07 07:34:56.309000+00:00,complete,2010-10-25 23:06:40.020000+00:00,Resource11,2010-12-21 00:06:40.010000+00:00,Customer contact,,case-4158,2010-12-21 00:06:40+00:00,Internet,2011-01-14 10:39:10.177000+00:00
198,Group 1,task-2551,Resource11,T06 Determine necessity of stop advice,2010-12-08 10:43:04.093000+00:00,complete,2010-10-25 23:06:40.020000+00:00,Resource11,2010-12-21 00:06:40.010000+00:00,Customer contact,,case-4158,2010-12-21 00:06:40+00:00,Internet,2011-01-14 10:39:10.177000+00:00
199,EMPTY,task-3026,Resource11,T04 Determine confirmation of receipt,2010-12-08 10:43:51.948000+00:00,complete,2010-10-25 23:06:40.020000+00:00,Resource11,2010-12-21 00:06:40.010000+00:00,Customer contact,,case-4158,2010-12-21 00:06:40+00:00,Internet,2011-01-14 10:39:10.177000+00:00
200,Group 1,task-3292,Resource11,T10 Determine necessity to stop indication,2010-12-08 10:45:40.022000+00:00,complete,2010-10-25 23:06:40.020000+00:00,Resource11,2010-12-21 00:06:40.010000+00:00,Customer contact,,case-4158,2010-12-21 00:06:40+00:00,Internet,2011-01-14 10:39:10.177000+00:00
201,EMPTY,task-3293,Resource11,T05 Print and send confirmation of receipt,2010-12-14 12:49:29.028000+00:00,complete,2010-10-25 23:06:40.020000+00:00,Resource11,2010-12-21 00:06:40.010000+00:00,Customer contact,,case-4158,2010-12-21 00:06:40+00:00,Internet,2011-01-14 10:39:10.177000+00:00
202,EMPTY,task-3017,Resource17,Confirmation of receipt,2010-12-14 14:42:36.276000+00:00,complete,2010-11-23 00:06:40.010000+00:00,Resource17,2011-03-14 00:06:40.010000+00:00,General,,case-4656,2011-03-14 00:06:40+00:00,Internet,2011-02-22 23:00:00.010000+00:00
203,EMPTY,task-4255,Resource17,T02 Check confirmation of receipt,2010-12-14 14:43:12.701000+00:00,complete,2010-11-23 00:06:40.010000+00:00,Resource17,2011-03-14 00:06:40.010000+00:00,General,,case-4656,2011-03-14 00:06:40+00:00,Internet,2011-02-22 23:00:00.010000+00:00
204,Group 1,task-4256,Resource17,T06 Determine necessity of stop advice,2010-12-14 14:43:41.072000+00:00,complete,2010-11-23 00:06:40.010000+00:00,Resource17,2011-03-14 00:06:40.010000+00:00,General,,case-4656,2011-03-14 00:06:40+00:00,Internet,2011-02-22 23:00:00.010000+00:00
205,EMPTY,task-4257,Resource17,T04 Determine confirmation of receipt,2010-12-14 14:44:42.533000+00:00,complete,2010-11-23 00:06:40.010000+00:00,Resource17,2011-03-14 00:06:40.010000+00:00,General,,case-4656,2011-03-14 00:06:40+00:00,Internet,2011-02-22 23:00:00.010000+00:00
206,Group 1,task-4258,Resource17,T10 Determine necessity to stop indication,2010-12-14 14:45:04.757000+00:00,complete,2010-11-23 00:06:40.010000+00:00,Resource17,2011-03-14 00:06:40.010000+00:00,General,,case-4656,2011-03-14 00:06:40+00:00,Internet,2011-02-22 23:00:00.010000+00:00
207,Group 2,task-4259,admin1,T05 Print and send confirmation of receipt,2010-12-15 07:35:18.185000+00:00,complete,2010-11-23 00:06:40.010000+00:00,Resource17,2011-03-14 00:06:40.010000+00:00,General,,case-4656,2011-03-14 00:06:40+00:00,Internet,2011-02-22 23:00:00.010000+00:00
208,Group 1,task-2530,Resource07,Confirmation of receipt,2010-12-02 15:30:23.852000+00:00,complete,2010-11-16 23:00:00.010000+00:00,Resource07,2011-01-11 23:00:00.010000+00:00,General,,case-4604,2011-01-11 23:00:00+00:00,Internet,2010-12-24 10:08:17.541000+00:00
209,Group 1,task-2664,Resource07,T06 Determine necessity of stop advice,2010-12-02 15:31:39.999000+00:00,complete,2010-11-16 23:00:00.010000+00:00,Resource07,2011-01-11 23:00:00.010000+00:00,General,,case-4604,2011-01-11 23:00:00+00:00,Internet,2010-12-24 10:08:17.541000+00:00
210,Group 4,task-2663,Resource07,T02 Check confirmation of receipt,2010-12-02 15:32:38.152000+00:00,complete,2010-11-16 23:00:00.010000+00:00,Resource07,2011-01-11 23:00:00.010000+00:00,General,,case-4604,2011-01-11 23:00:00+00:00,Internet,2010-12-24 10:08:17.541000+00:00
211,Group 3,task-2666,Resource07,T04 Determine confirmation of receipt,2010-12-02 15:33:13.669000+00:00,complete,2010-11-16 23:00:00.010000+00:00,Resource07,2011-01-11 23:00:00.010000+00:00,General,,case-4604,2011-01-11 23:00:00+00:00,Internet,2010-12-24 10:08:17.541000+00:00
212,Group 2,task-2667,admin1,T05 Print and send confirmation of receipt,2010-12-06 13:36:38.951000+00:00,complete,2010-11-16 23:00:00.010000+00:00,Resource07,2011-01-11 23:00:00.010000+00:00,General,,case-4604,2011-01-11 23:00:00+00:00,Internet,2010-12-24 10:08:17.541000+00:00
213,Group 1,task-2665,Resource07,T10 Determine necessity to stop indication,2010-12-07 07:38:07.394000+00:00,complete,2010-11-16 23:00:00.010000+00:00,Resource07,2011-01-11 23:00:00.010000+00:00,General,,case-4604,2011-01-11 23:00:00+00:00,Internet,2010-12-24 10:08:17.541000+00:00
214,EMPTY,task-1552,Resource11,Confirmation of receipt,2010-12-13 11:39:01.149000+00:00,complete,2010-11-08 00:06:40.010000+00:00,Resource01,2011-01-03 00:06:40.010000+00:00,General,,case-4395,2011-01-03 00:06:40+00:00,Internet,2010-12-23 07:12:42.801000+00:00
215,Group 1,task-3896,Resource11,T06 Determine necessity of stop advice,2010-12-13 11:39:41.069000+00:00,complete,2010-11-08 00:06:40.010000+00:00,Resource01,2011-01-03 00:06:40.010000+00:00,General,,case-4395,2011-01-03 00:06:40+00:00,Internet,2010-12-23 07:12:42.801000+00:00
216,EMPTY,task-3895,Resource11,T02 Check confirmation of receipt,2010-12-13 11:51:14.991000+00:00,complete,2010-11-08 00:06:40.010000+00:00,Resource01,2011-01-03 00:06:40.010000+00:00,General,,case-4395,2011-01-03 00:06:40+00:00,Internet,2010-12-23 07:12:42.801000+00:00
217,EMPTY,task-3899,Resource11,T04 Determine confirmation of receipt,2010-12-13 11:51:57.779000+00:00,complete,2010-11-08 00:06:40.010000+00:00,Resource01,2011-01-03 00:06:40.010000+00:00,General,,case-4395,2011-01-03 00:06:40+00:00,Internet,2010-12-23 07:12:42.801000+00:00
218,EMPTY,task-3902,Resource11,T05 Print and send confirmation of receipt,2010-12-13 11:52:39.872000+00:00,complete,2010-11-08 00:06:40.010000+00:00,Resource01,2011-01-03 00:06:40.010000+00:00,General,,case-4395,2011-01-03 00:06:40+00:00,Internet,2010-12-23 07:12:42.801000+00:00
219,Group 1,task-3897,Resource11,T10 Determine necessity to stop indication,2010-12-13 11:53:15.462000+00:00,complete,2010-11-08 00:06:40.010000+00:00,Resource01,2011-01-03 00:06:40.010000+00:00,General,,case-4395,2011-01-03 00:06:40+00:00,Internet,2010-12-23 07:12:42.801000+00:00
220,EMPTY,task-2011,Resource07,Confirmation of receipt,2010-12-13 13:12:59.193000+00:00,complete,2010-11-23 23:00:00.010000+00:00,Resource07,2011-01-18 23:00:00.010000+00:00,General,,case-4540,2011-01-18 23:00:00+00:00,Internet,2010-12-23 14:15:58.399000+00:00
221,Group 1,task-3975,Resource07,T06 Determine necessity of stop advice,2010-12-13 13:13:33.180000+00:00,complete,2010-11-23 23:00:00.010000+00:00,Resource07,2011-01-18 23:00:00.010000+00:00,General,,case-4540,2011-01-18 23:00:00+00:00,Internet,2010-12-23 14:15:58.399000+00:00
222,Group 4,task-3974,Resource07,T02 Check confirmation of receipt,2010-12-13 13:14:06.699000+00:00,complete,2010-11-23 23:00:00.010000+00:00,Resource07,2011-01-18 23:00:00.010000+00:00,General,,case-4540,2011-01-18 23:00:00+00:00,Internet,2010-12-23 14:15:58.399000+00:00
223,Group 3,task-3977,Resource07,T04 Determine confirmation of receipt,2010-12-13 13:14:34.976000+00:00,complete,2010-11-23 23:00:00.010000+00:00,Resource07,2011-01-18 23:00:00.010000+00:00,General,,case-4540,2011-01-18 23:00:00+00:00,Internet,2010-12-23 14:15:58.399000+00:00
224,Group 2,task-3978,Resource07,T05 Print and send confirmation of receipt,2010-12-13 13:15:15.140000+00:00,complete,2010-11-23 23:00:00.010000+00:00,Resource07,2011-01-18 23:00:00.010000+00:00,General,,case-4540,2011-01-18 23:00:00+00:00,Internet,2010-12-23 14:15:58.399000+00:00
225,Group 1,task-3976,Resource07,T10 Determine necessity to stop indication,2010-12-13 15:38:02.696000+00:00,complete,2010-11-23 23:00:00.010000+00:00,Resource07,2011-01-18 23:00:00.010000+00:00,General,,case-4540,2011-01-18 23:00:00+00:00,Internet,2010-12-23 14:15:58.399000+00:00
226,EMPTY,task-2375,Resource02,Confirmation of receipt,2010-12-06 08:29:42.346000+00:00,complete,2010-11-13 00:06:40.010000+00:00,Resource02,2011-01-08 00:06:40.010000+00:00,General,,case-4584,2011-01-08 00:06:40+00:00,Internet,2011-01-10 11:34:51.330000+00:00
227,EMPTY,task-2822,Resource04,T02 Check confirmation of receipt,2010-12-06 10:03:46.296000+00:00,complete,2010-11-13 00:06:40.010000+00:00,Resource02,2011-01-08 00:06:40.010000+00:00,General,,case-4584,2011-01-08 00:06:40+00:00,Internet,2011-01-10 11:34:51.330000+00:00
228,Group 3,task-2879,Resource10,T04 Determine confirmation of receipt,2010-12-06 10:54:27.223000+00:00,complete,2010-11-13 00:06:40.010000+00:00,Resource02,2011-01-08 00:06:40.010000+00:00,General,,case-4584,2011-01-08 00:06:40+00:00,Internet,2011-01-10 11:34:51.330000+00:00
229,Group 2,task-2958,admin1,T05 Print and send confirmation of receipt,2010-12-06 14:06:42.682000+00:00,complete,2010-11-13 00:06:40.010000+00:00,Resource02,2011-01-08 00:06:40.010000+00:00,General,,case-4584,2011-01-08 00:06:40+00:00,Internet,2011-01-10 11:34:51.330000+00:00
230,Group 1,task-2823,admin2,T06 Determine necessity of stop advice,2011-01-10 11:34:52.561000+00:00,complete,2010-11-13 00:06:40.010000+00:00,Resource02,2011-01-08 00:06:40.010000+00:00,General,,case-4584,2011-01-08 00:06:40+00:00,Internet,2011-01-10 11:34:51.330000+00:00
231,EMPTY,task-2509,Resource02,Confirmation of receipt,2010-12-06 12:55:44.720000+00:00,complete,2010-11-17 00:06:40.010000+00:00,Resource02,2011-01-12 00:06:40.010000+00:00,General,,case-4599,2011-01-12 00:06:40+00:00,Internet,2011-01-10 14:10:36.074000+00:00
232,Group 4,task-2987,Resource02,T02 Check confirmation of receipt,2010-12-06 12:55:59.228000+00:00,complete,2010-11-17 00:06:40.010000+00:00,Resource02,2011-01-12 00:06:40.010000+00:00,General,,case-4599,2011-01-12 00:06:40+00:00,Internet,2011-01-10 14:10:36.074000+00:00
233,Group 3,task-2989,Resource10,T04 Determine confirmation of receipt,2010-12-07 07:17:59.224000+00:00,complete,2010-11-17 00:06:40.010000+00:00,Resource02,2011-01-12 00:06:40.010000+00:00,General,,case-4599,2011-01-12 00:06:40+00:00,Internet,2011-01-10 14:10:36.074000+00:00
234,Group 2,task-3021,admin1,T05 Print and send confirmation of receipt,2010-12-07 07:32:44.765000+00:00,complete,2010-11-17 00:06:40.010000+00:00,Resource02,2011-01-12 00:06:40.010000+00:00,General,,case-4599,2011-01-12 00:06:40+00:00,Internet,2011-01-10 14:10:36.074000+00:00
235,Group 1,task-2988,admin2,T06 Determine necessity of stop advice,2011-01-10 14:10:37.132000+00:00,complete,2010-11-17 00:06:40.010000+00:00,Resource02,2011-01-12 00:06:40.010000+00:00,General,,case-4599,2011-01-12 00:06:40+00:00,Internet,2011-01-10 14:10:36.074000+00:00
236,EMPTY,task-2631,Resource07,Confirmation of receipt,2010-12-07 08:07:53.862000+00:00,complete,2010-11-17 23:00:00.010000+00:00,Resource07,2011-01-12 23:00:00.010000+00:00,General,,case-4623,2011-01-12 23:00:00+00:00,Internet,2010-12-10 08:36:48.051000+00:00
237,Group 1,task-3051,Resource07,T06 Determine necessity of stop advice,2010-12-07 08:11:47.505000+00:00,complete,2010-11-17 23:00:00.010000+00:00,Resource07,2011-01-12 23:00:00.010000+00:00,General,,case-4623,2011-01-12 23:00:00+00:00,Internet,2010-12-10 08:36:48.051000+00:00
238,Group 1,task-3053,Resource07,T10 Determine necessity to stop indication,2010-12-07 08:23:21.902000+00:00,complete,2010-11-17 23:00:00.010000+00:00,Resource07,2011-01-12 23:00:00.010000+00:00,General,,case-4623,2011-01-12 23:00:00+00:00,Internet,2010-12-10 08:36:48.051000+00:00
239,EMPTY,task-3050,Resource19,T02 Check confirmation of receipt,2010-12-07 13:30:37.692000+00:00,complete,2010-11-17 23:00:00.010000+00:00,Resource07,2011-01-12 23:00:00.010000+00:00,General,,case-4623,2011-01-12 23:00:00+00:00,Internet,2010-12-10 08:36:48.051000+00:00
240,Group 3,task-3122,Resource10,T04 Determine confirmation of receipt,2010-12-07 15:43:51.518000+00:00,complete,2010-11-17 23:00:00.010000+00:00,Resource07,2011-01-12 23:00:00.010000+00:00,General,,case-4623,2011-01-12 23:00:00+00:00,Internet,2010-12-10 08:36:48.051000+00:00
241,Group 2,task-3165,admin1,T05 Print and send confirmation of receipt,2010-12-08 08:38:23.535000+00:00,complete,2010-11-17 23:00:00.010000+00:00,Resource07,2011-01-12 23:00:00.010000+00:00,General,,case-4623,2011-01-12 23:00:00+00:00,Internet,2010-12-10 08:36:48.051000+00:00
242,Group 1,task-3057,Resource07,T11 Create document X request unlicensed,2010-12-10 07:11:58.211000+00:00,complete,2010-11-17 23:00:00.010000+00:00,Resource07,2011-01-12 23:00:00.010000+00:00,General,,case-4623,2011-01-12 23:00:00+00:00,Internet,2010-12-10 08:36:48.051000+00:00
243,Group 4,task-3525,Resource19,T12 Check document X request unlicensed,2010-12-10 07:46:30.628000+00:00,complete,2010-11-17 23:00:00.010000+00:00,Resource07,2011-01-12 23:00:00.010000+00:00,General,,case-4623,2011-01-12 23:00:00+00:00,Internet,2010-12-10 08:36:48.051000+00:00
244,Group 3,task-3540,Resource07,T14 Determine document X request unlicensed,2010-12-10 08:36:37.075000+00:00,complete,2010-11-17 23:00:00.010000+00:00,Resource07,2011-01-12 23:00:00.010000+00:00,General,,case-4623,2011-01-12 23:00:00+00:00,Internet,2010-12-10 08:36:48.051000+00:00
245,Group 2,task-3552,Resource07,T15 Print document X request unlicensed,2010-12-10 08:36:47.840000+00:00,complete,2010-11-17 23:00:00.010000+00:00,Resource07,2011-01-12 23:00:00.010000+00:00,General,,case-4623,2011-01-12 23:00:00+00:00,Internet,2010-12-10 08:36:48.051000+00:00
246,EMPTY,task-1907,Resource11,Confirmation of receipt,2010-12-13 12:59:10.764000+00:00,complete,2010-11-08 00:06:40.010000+00:00,Resource01,2011-01-03 00:06:40.010000+00:00,General,,case-4502,2011-01-03 00:06:40+00:00,Internet,2010-12-27 08:33:21.478000+00:00
247,Group 4,task-3960,Resource11,T02 Check confirmation of receipt,2010-12-13 12:59:42.994000+00:00,complete,2010-11-08 00:06:40.010000+00:00,Resource01,2011-01-03 00:06:40.010000+00:00,General,,case-4502,2011-01-03 00:06:40+00:00,Internet,2010-12-27 08:33:21.478000+00:00
248,EMPTY,task-3962,Resource11,T04 Determine confirmation of receipt,2010-12-13 13:00:21.666000+00:00,complete,2010-11-08 00:06:40.010000+00:00,Resource01,2011-01-03 00:06:40.010000+00:00,General,,case-4502,2011-01-03 00:06:40+00:00,Internet,2010-12-27 08:33:21.478000+00:00
249,Group 1,task-3961,Resource11,T06 Determine necessity of stop advice,2010-12-13 13:00:40.629000+00:00,complete,2010-11-08 00:06:40.010000+00:00,Resource01,2011-01-03 00:06:40.010000+00:00,General,,case-4502,2011-01-03 00:06:40+00:00,Internet,2010-12-27 08:33:21.478000+00:00
250,Group 2,task-3963,Resource11,T05 Print and send confirmation of receipt,2010-12-13 13:01:38.027000+00:00,complete,2010-11-08 00:06:40.010000+00:00,Resource01,2011-01-03 00:06:40.010000+00:00,General,,case-4502,2011-01-03 00:06:40+00:00,Internet,2010-12-27 08:33:21.478000+00:00
251,Group 1,task-3966,Resource11,T10 Determine necessity to stop indication,2010-12-13 13:01:56.554000+00:00,complete,2010-11-08 00:06:40.010000+00:00,Resource01,2011-01-03 00:06:40.010000+00:00,General,,case-4502,2011-01-03 00:06:40+00:00,Internet,2010-12-27 08:33:21.478000+00:00
252,Group 1,task-4649,Resource10,Confirmation of receipt,2010-12-17 09:23:06.388000+00:00,complete,2010-12-02 23:00:00.010000+00:00,Resource07,2011-01-27 23:00:00.010000+00:00,General,,case-4810,2011-01-27 23:00:00+00:00,Post,2011-01-13 10:32:30.318000+00:00
253,Group 4,task-4798,Resource10,T02 Check confirmation of receipt,2010-12-17 09:30:06.351000+00:00,complete,2010-12-02 23:00:00.010000+00:00,Resource07,2011-01-27 23:00:00.010000+00:00,General,,case-4810,2011-01-27 23:00:00+00:00,Post,2011-01-13 10:32:30.318000+00:00
254,Group 3,task-4825,Resource10,T04 Determine confirmation of receipt,2010-12-17 09:31:08.294000+00:00,complete,2010-12-02 23:00:00.010000+00:00,Resource07,2011-01-27 23:00:00.010000+00:00,General,,case-4810,2011-01-27 23:00:00+00:00,Post,2011-01-13 10:32:30.318000+00:00
255,EMPTY,task-4799,Resource07,T06 Determine necessity of stop advice,2010-12-24 15:02:51.272000+00:00,complete,2010-12-02 23:00:00.010000+00:00,Resource07,2011-01-27 23:00:00.010000+00:00,General,,case-4810,2011-01-27 23:00:00+00:00,Post,2011-01-13 10:32:30.318000+00:00
256,Group 2,task-4827,Resource07,T05 Print and send confirmation of receipt,2010-12-30 07:28:53.203000+00:00,complete,2010-12-02 23:00:00.010000+00:00,Resource07,2011-01-27 23:00:00.010000+00:00,General,,case-4810,2011-01-27 23:00:00+00:00,Post,2011-01-13 10:32:30.318000+00:00
257,Group 1,task-5777,Resource07,T10 Determine necessity to stop indication,2011-01-04 07:24:48.655000+00:00,complete,2010-12-02 23:00:00.010000+00:00,Resource07,2011-01-27 23:00:00.010000+00:00,General,,case-4810,2011-01-27 23:00:00+00:00,Post,2011-01-13 10:32:30.318000+00:00
258,Group 1,task-4746,Resource10,Confirmation of receipt,2010-12-17 09:25:16.565000+00:00,complete,2010-12-01 00:06:40.010000+00:00,Resource34,2011-01-26 00:06:40.010000+00:00,General,,case-4827,2011-01-26 00:06:40+00:00,Internet,2011-01-14 14:56:54.775000+00:00
259,Group 4,task-4808,Resource10,T02 Check confirmation of receipt,2010-12-17 09:33:06.722000+00:00,complete,2010-12-01 00:06:40.010000+00:00,Resource34,2011-01-26 00:06:40.010000+00:00,General,,case-4827,2011-01-26 00:06:40+00:00,Internet,2011-01-14 14:56:54.775000+00:00
260,Group 3,task-4833,Resource10,T04 Determine confirmation of receipt,2010-12-17 09:40:11.444000+00:00,complete,2010-12-01 00:06:40.010000+00:00,Resource34,2011-01-26 00:06:40.010000+00:00,General,,case-4827,2011-01-26 00:06:40+00:00,Internet,2011-01-14 14:56:54.775000+00:00
261,EMPTY,task-4809,Resource07,T06 Determine necessity of stop advice,2010-12-27 11:45:58.852000+00:00,complete,2010-12-01 00:06:40.010000+00:00,Resource34,2011-01-26 00:06:40.010000+00:00,General,,case-4827,2011-01-26 00:06:40+00:00,Internet,2011-01-14 14:56:54.775000+00:00
262,Group 1,task-5874,Resource07,T10 Determine necessity to stop indication,2010-12-27 11:47:34.547000+00:00,complete,2010-12-01 00:06:40.010000+00:00,Resource34,2011-01-26 00:06:40.010000+00:00,General,,case-4827,2011-01-26 00:06:40+00:00,Internet,2011-01-14 14:56:54.775000+00:00
263,Group 2,task-4851,Resource07,T05 Print and send confirmation of receipt,2010-12-30 07:27:28.493000+00:00,complete,2010-12-01 00:06:40.010000+00:00,Resource34,2011-01-26 00:06:40.010000+00:00,General,,case-4827,2011-01-26 00:06:40+00:00,Internet,2011-01-14 14:56:54.775000+00:00
264,Group 1,task-5875,admin2,T11 Create document X request unlicensed,2011-01-14 14:56:55.509000+00:00,complete,2010-12-01 00:06:40.010000+00:00,Resource34,2011-01-26 00:06:40.010000+00:00,General,,case-4827,2011-01-26 00:06:40+00:00,Internet,2011-01-14 14:56:54.775000+00:00
265,EMPTY,task-18201,Resource01,Confirmation of receipt,2011-04-21 06:22:48.586000+00:00,complete,2011-03-25 23:00:00.010000+00:00,Resource11,2011-05-20 22:00:00.020000+00:00,General,,case-6738,2011-05-20 22:00:00+00:00,Internet,2011-05-03 05:26:00.355000+00:00
266,Group 4,task-21580,Resource01,T02 Check confirmation of receipt,2011-04-21 06:23:10.608000+00:00,complete,2011-03-25 23:00:00.010000+00:00,Resource11,2011-05-20 22:00:00.020000+00:00,General,,case-6738,2011-05-20 22:00:00+00:00,Internet,2011-05-03 05:26:00.355000+00:00
267,Group 3,task-21582,Resource01,T04 Determine confirmation of receipt,2011-04-21 06:23:28.928000+00:00,complete,2011-03-25 23:00:00.010000+00:00,Resource11,2011-05-20 22:00:00.020000+00:00,General,,case-6738,2011-05-20 22:00:00+00:00,Internet,2011-05-03 05:26:00.355000+00:00
268,Group 2,task-21583,Resource01,T05 Print and send confirmation of receipt,2011-04-21 06:23:40.312000+00:00,complete,2011-03-25 23:00:00.010000+00:00,Resource11,2011-05-20 22:00:00.020000+00:00,General,,case-6738,2011-05-20 22:00:00+00:00,Internet,2011-05-03 05:26:00.355000+00:00
269,Group 1,task-21581,Resource01,T06 Determine necessity of stop advice,2011-04-21 06:23:56.720000+00:00,complete,2011-03-25 23:00:00.010000+00:00,Resource11,2011-05-20 22:00:00.020000+00:00,General,,case-6738,2011-05-20 22:00:00+00:00,Internet,2011-05-03 05:26:00.355000+00:00
270,Group 1,task-21584,Resource01,T10 Determine necessity to stop indication,2011-04-21 06:24:24.951000+00:00,complete,2011-03-25 23:00:00.010000+00:00,Resource11,2011-05-20 22:00:00.020000+00:00,General,,case-6738,2011-05-20 22:00:00+00:00,Internet,2011-05-03 05:26:00.355000+00:00
271,Group 1,task-21585,Resource01,T11 Create document X request unlicensed,2011-04-21 07:17:10.387000+00:00,complete,2011-03-25 23:00:00.010000+00:00,Resource11,2011-05-20 22:00:00.020000+00:00,General,,case-6738,2011-05-20 22:00:00+00:00,Internet,2011-05-03 05:26:00.355000+00:00
272,EMPTY,task-21616,Resource01,T12 Check document X request unlicensed,2011-04-21 11:35:52.006000+00:00,complete,2011-03-25 23:00:00.010000+00:00,Resource11,2011-05-20 22:00:00.020000+00:00,General,,case-6738,2011-05-20 22:00:00+00:00,Internet,2011-05-03 05:26:00.355000+00:00
273,EMPTY,task-21879,Resource19,T14 Determine document X request unlicensed,2011-04-21 11:39:15.779000+00:00,complete,2011-03-25 23:00:00.010000+00:00,Resource11,2011-05-20 22:00:00.020000+00:00,General,,case-6738,2011-05-20 22:00:00+00:00,Internet,2011-05-03 05:26:00.355000+00:00
274,Group 2,task-21882,Resource11,T15 Print document X request unlicensed,2011-05-03 05:26:00.141000+00:00,complete,2011-03-25 23:00:00.010000+00:00,Resource11,2011-05-20 22:00:00.020000+00:00,General,,case-6738,2011-05-20 22:00:00+00:00,Internet,2011-05-03 05:26:00.355000+00:00
275,EMPTY,task-18701,Resource01,Confirmation of receipt,2011-04-21 08:01:24.870000+00:00,complete,2011-03-29 22:00:00.020000+00:00,Resource11,2011-05-24 22:00:00.020000+00:00,General,,case-6790,2011-05-24 22:00:00+00:00,Internet,2011-05-12 06:59:34.294000+00:00
276,Group 4,task-21653,Resource01,T02 Check confirmation of receipt,2011-04-21 08:01:40.719000+00:00,complete,2011-03-29 22:00:00.020000+00:00,Resource11,2011-05-24 22:00:00.020000+00:00,General,,case-6790,2011-05-24 22:00:00+00:00,Internet,2011-05-12 06:59:34.294000+00:00
277,Group 3,task-21655,Resource01,T04 Determine confirmation of receipt,2011-04-21 08:01:54.551000+00:00,complete,2011-03-29 22:00:00.020000+00:00,Resource11,2011-05-24 22:00:00.020000+00:00,General,,case-6790,2011-05-24 22:00:00+00:00,Internet,2011-05-12 06:59:34.294000+00:00
278,Group 2,task-21656,Resource01,T05 Print and send confirmation of receipt,2011-04-21 08:02:05.178000+00:00,complete,2011-03-29 22:00:00.020000+00:00,Resource11,2011-05-24 22:00:00.020000+00:00,General,,case-6790,2011-05-24 22:00:00+00:00,Internet,2011-05-12 06:59:34.294000+00:00
279,Group 1,task-21654,Resource01,T06 Determine necessity of stop advice,2011-04-21 08:02:23.352000+00:00,complete,2011-03-29 22:00:00.020000+00:00,Resource11,2011-05-24 22:00:00.020000+00:00,General,,case-6790,2011-05-24 22:00:00+00:00,Internet,2011-05-12 06:59:34.294000+00:00
280,Group 1,task-21657,Resource01,T10 Determine necessity to stop indication,2011-05-10 11:51:58.116000+00:00,complete,2011-03-29 22:00:00.020000+00:00,Resource11,2011-05-24 22:00:00.020000+00:00,General,,case-6790,2011-05-24 22:00:00+00:00,Internet,2011-05-12 06:59:34.294000+00:00
281,Group 1,task-24271,Resource01,T11 Create document X request unlicensed,2011-05-10 12:53:49.695000+00:00,complete,2011-03-29 22:00:00.020000+00:00,Resource11,2011-05-24 22:00:00.020000+00:00,General,,case-6790,2011-05-24 22:00:00+00:00,Internet,2011-05-12 06:59:34.294000+00:00
282,Group 4,task-24293,Resource01,T12 Check document X request unlicensed,2011-05-10 12:54:07.289000+00:00,complete,2011-03-29 22:00:00.020000+00:00,Resource11,2011-05-24 22:00:00.020000+00:00,General,,case-6790,2011-05-24 22:00:00+00:00,Internet,2011-05-12 06:59:34.294000+00:00
283,EMPTY,task-24294,Resource19,T14 Determine document X request unlicensed,2011-05-11 14:02:19.076000+00:00,complete,2011-03-29 22:00:00.020000+00:00,Resource11,2011-05-24 22:00:00.020000+00:00,General,,case-6790,2011-05-24 22:00:00+00:00,Internet,2011-05-12 06:59:34.294000+00:00
284,Group 2,task-24555,Resource01,T15 Print document X request unlicensed,2011-05-12 06:59:34.067000+00:00,complete,2011-03-29 22:00:00.020000+00:00,Resource11,2011-05-24 22:00:00.020000+00:00,General,,case-6790,2011-05-24 22:00:00+00:00,Internet,2011-05-12 06:59:34.294000+00:00
285,EMPTY,task-20579,Resource01,Confirmation of receipt,2011-04-28 13:11:56.573000+00:00,complete,2011-04-10 22:00:00.020000+00:00,Resource01,2011-06-05 22:00:00.020000+00:00,General,,case-6989,2011-06-05 22:00:00+00:00,Internet,2011-05-19 08:53:50.047000+00:00
286,Group 4,task-22685,Resource01,T02 Check confirmation of receipt,2011-04-28 13:12:10.772000+00:00,complete,2011-04-10 22:00:00.020000+00:00,Resource01,2011-06-05 22:00:00.020000+00:00,General,,case-6989,2011-06-05 22:00:00+00:00,Internet,2011-05-19 08:53:50.047000+00:00
287,Group 3,task-22687,Resource01,T04 Determine confirmation of receipt,2011-04-28 13:12:27.245000+00:00,complete,2011-04-10 22:00:00.020000+00:00,Resource01,2011-06-05 22:00:00.020000+00:00,General,,case-6989,2011-06-05 22:00:00+00:00,Internet,2011-05-19 08:53:50.047000+00:00
288,Group 2,task-22688,Resource01,T05 Print and send confirmation of receipt,2011-04-28 13:12:41.628000+00:00,complete,2011-04-10 22:00:00.020000+00:00,Resource01,2011-06-05 22:00:00.020000+00:00,General,,case-6989,2011-06-05 22:00:00+00:00,Internet,2011-05-19 08:53:50.047000+00:00
289,Group 1,task-22686,Resource01,T06 Determine necessity of stop advice,2011-05-13 06:36:59.996000+00:00,complete,2011-04-10 22:00:00.020000+00:00,Resource01,2011-06-05 22:00:00.020000+00:00,General,,case-6989,2011-06-05 22:00:00+00:00,Internet,2011-05-19 08:53:50.047000+00:00
290,Group 1,task-24881,Resource01,T10 Determine necessity to stop indication,2011-05-13 06:38:32.509000+00:00,complete,2011-04-10 22:00:00.020000+00:00,Resource01,2011-06-05 22:00:00.020000+00:00,General,,case-6989,2011-06-05 22:00:00+00:00,Internet,2011-05-19 08:53:50.047000+00:00
291,Group 1,task-24882,Resource01,T11 Create document X request unlicensed,2011-05-13 06:58:35.387000+00:00,complete,2011-04-10 22:00:00.020000+00:00,Resource01,2011-06-05 22:00:00.020000+00:00,General,,case-6989,2011-06-05 22:00:00+00:00,Internet,2011-05-19 08:53:50.047000+00:00
292,Group 4,task-24884,Resource01,T12 Check document X request unlicensed,2011-05-13 07:04:13.966000+00:00,complete,2011-04-10 22:00:00.020000+00:00,Resource01,2011-06-05 22:00:00.020000+00:00,General,,case-6989,2011-06-05 22:00:00+00:00,Internet,2011-05-19 08:53:50.047000+00:00
293,EMPTY,task-24885,Resource19,T14 Determine document X request unlicensed,2011-05-19 08:32:05.630000+00:00,complete,2011-04-10 22:00:00.020000+00:00,Resource01,2011-06-05 22:00:00.020000+00:00,General,,case-6989,2011-06-05 22:00:00+00:00,Internet,2011-05-19 08:53:50.047000+00:00
294,Group 2,task-25630,Resource11,T15 Print document X request unlicensed,2011-05-19 08:53:49.765000+00:00,complete,2011-04-10 22:00:00.020000+00:00,Resource01,2011-06-05 22:00:00.020000+00:00,General,,case-6989,2011-06-05 22:00:00+00:00,Internet,2011-05-19 08:53:50.047000+00:00
295,EMPTY,task-21171,Resource05,Confirmation of receipt,2011-05-02 07:48:02.020000+00:00,complete,2011-03-30 22:00:00.020000+00:00,Resource05,2011-05-25 22:00:00.020000+00:00,General,,case-7094,2011-05-25 22:00:00+00:00,Internet,2011-06-16 12:45:04.264000+00:00
296,Group 4,task-22919,Resource05,T02 Check confirmation of receipt,2011-05-02 07:51:15.270000+00:00,complete,2011-03-30 22:00:00.020000+00:00,Resource05,2011-05-25 22:00:00.020000+00:00,General,,case-7094,2011-05-25 22:00:00+00:00,Internet,2011-06-16 12:45:04.264000+00:00
297,Group 3,task-22921,Resource05,T04 Determine confirmation of receipt,2011-05-02 07:51:37.777000+00:00,complete,2011-03-30 22:00:00.020000+00:00,Resource05,2011-05-25 22:00:00.020000+00:00,General,,case-7094,2011-05-25 22:00:00+00:00,Internet,2011-06-16 12:45:04.264000+00:00
298,Group 2,task-22922,Resource05,T05 Print and send confirmation of receipt,2011-05-02 07:51:58.263000+00:00,complete,2011-03-30 22:00:00.020000+00:00,Resource05,2011-05-25 22:00:00.020000+00:00,General,,case-7094,2011-05-25 22:00:00+00:00,Internet,2011-06-16 12:45:04.264000+00:00
299,Group 1,task-22920,Resource05,T06 Determine necessity of stop advice,2011-05-02 07:52:19.979000+00:00,complete,2011-03-30 22:00:00.020000+00:00,Resource05,2011-05-25 22:00:00.020000+00:00,General,,case-7094,2011-05-25 22:00:00+00:00,Internet,2011-06-16 12:45:04.264000+00:00
300,Group 1,task-22924,Resource05,T10 Determine necessity to stop indication,2011-05-02 07:53:19.482000+00:00,complete,2011-03-30 22:00:00.020000+00:00,Resource05,2011-05-25 22:00:00.020000+00:00,General,,case-7094,2011-05-25 22:00:00+00:00,Internet,2011-06-16 12:45:04.264000+00:00
301,Group 1,task-22927,Resource05,T16 Report reasons to hold request,2011-05-02 07:56:11.751000+00:00,complete,2011-03-30 22:00:00.020000+00:00,Resource05,2011-05-25 22:00:00.020000+00:00,General,,case-7094,2011-05-25 22:00:00+00:00,Internet,2011-06-16 12:45:04.264000+00:00
302,Group 4,task-22931,Resource05,T17 Check report Y to stop indication,2011-05-02 07:57:37.605000+00:00,complete,2011-03-30 22:00:00.020000+00:00,Resource05,2011-05-25 22:00:00.020000+00:00,General,,case-7094,2011-05-25 22:00:00+00:00,Internet,2011-06-16 12:45:04.264000+00:00
303,Group 3,task-22934,Resource05,T19 Determine report Y to stop indication,2011-05-02 07:59:10.319000+00:00,complete,2011-03-30 22:00:00.020000+00:00,Resource05,2011-05-25 22:00:00.020000+00:00,General,,case-7094,2011-05-25 22:00:00+00:00,Internet,2011-06-16 12:45:04.264000+00:00
304,Group 2,task-22940,Resource05,T20 Print report Y to stop indication,2011-05-02 07:59:23.761000+00:00,complete,2011-03-30 22:00:00.020000+00:00,Resource05,2011-05-25 22:00:00.020000+00:00,General,,case-7094,2011-05-25 22:00:00+00:00,Internet,2011-06-16 12:45:04.264000+00:00
305,EMPTY,task-39455,Resource03,Confirmation of receipt,2011-09-26 12:57:41.419000+00:00,complete,2011-09-17 23:06:40.020000+00:00,Resource11,2011-11-13 00:06:40.010000+00:00,General,Group 8,case-9631,2011-11-13 00:06:40+00:00,Internet,2011-10-10 13:07:48.586000+00:00
306,Group 4,task-40513,Resource03,T02 Check confirmation of receipt,2011-09-26 12:58:01.365000+00:00,complete,2011-09-17 23:06:40.020000+00:00,Resource11,2011-11-13 00:06:40.010000+00:00,General,Group 8,case-9631,2011-11-13 00:06:40+00:00,Internet,2011-10-10 13:07:48.586000+00:00
307,Group 3,task-40515,Resource03,T04 Determine confirmation of receipt,2011-09-26 13:01:45.731000+00:00,complete,2011-09-17 23:06:40.020000+00:00,Resource11,2011-11-13 00:06:40.010000+00:00,General,Group 8,case-9631,2011-11-13 00:06:40+00:00,Internet,2011-10-10 13:07:48.586000+00:00
308,Group 2,task-40516,Resource03,T05 Print and send confirmation of receipt,2011-09-26 13:02:01.058000+00:00,complete,2011-09-17 23:06:40.020000+00:00,Resource11,2011-11-13 00:06:40.010000+00:00,General,Group 8,case-9631,2011-11-13 00:06:40+00:00,Internet,2011-10-10 13:07:48.586000+00:00
309,EMPTY,task-40514,Resource03,T06 Determine necessity of stop advice,2011-09-26 13:02:25.581000+00:00,complete,2011-09-17 23:06:40.020000+00:00,Resource11,2011-11-13 00:06:40.010000+00:00,General,Group 8,case-9631,2011-11-13 00:06:40+00:00,Internet,2011-10-10 13:07:48.586000+00:00
310,Group 1,task-40517,Resource03,T10 Determine necessity to stop indication,2011-09-26 13:02:58.002000+00:00,complete,2011-09-17 23:06:40.020000+00:00,Resource11,2011-11-13 00:06:40.010000+00:00,General,Group 8,case-9631,2011-11-13 00:06:40+00:00,Internet,2011-10-10 13:07:48.586000+00:00
311,Group 1,task-40518,Resource01,T16 Report reasons to hold request,2011-09-29 11:51:57.612000+00:00,complete,2011-09-17 23:06:40.020000+00:00,Resource11,2011-11-13 00:06:40.010000+00:00,General,Group 8,case-9631,2011-11-13 00:06:40+00:00,Internet,2011-10-10 13:07:48.586000+00:00
312,Group 4,task-40839,Resource01,T17 Check report Y to stop indication,2011-09-29 11:52:16.377000+00:00,complete,2011-09-17 23:06:40.020000+00:00,Resource11,2011-11-13 00:06:40.010000+00:00,General,Group 8,case-9631,2011-11-13 00:06:40+00:00,Internet,2011-10-10 13:07:48.586000+00:00
313,Group 3,task-40840,Resource01,T19 Determine report Y to stop indication,2011-09-29 11:52:34.107000+00:00,complete,2011-09-17 23:06:40.020000+00:00,Resource11,2011-11-13 00:06:40.010000+00:00,General,Group 8,case-9631,2011-11-13 00:06:40+00:00,Internet,2011-10-10 13:07:48.586000+00:00
314,Group 2,task-40841,Resource01,T20 Print report Y to stop indication,2011-09-29 11:52:52.419000+00:00,complete,2011-09-17 23:06:40.020000+00:00,Resource11,2011-11-13 00:06:40.010000+00:00,General,Group 8,case-9631,2011-11-13 00:06:40+00:00,Internet,2011-10-10 13:07:48.586000+00:00
315,Group 1,task-28666,Resource26,Confirmation of receipt,2011-06-15 11:42:34.168000+00:00,complete,2011-06-14 12:45:00.957000+00:00,Resource26,2011-08-31 12:45:00.957000+00:00,General,,case-8079,2011-08-31 12:45:00.957000+00:00,Internet,NaT
316,Group 4,task-28711,Resource26,T02 Check confirmation of receipt,2011-06-15 19:01:15.678000+00:00,complete,2011-06-14 12:45:00.957000+00:00,Resource26,2011-08-31 12:45:00.957000+00:00,General,,case-8079,2011-08-31 12:45:00.957000+00:00,Internet,NaT
317,Group 1,task-28731,Resource26,T03 Adjust confirmation of receipt,2011-06-15 19:01:53.785000+00:00,complete,2011-06-14 12:45:00.957000+00:00,Resource26,2011-08-31 12:45:00.957000+00:00,General,,case-8079,2011-08-31 12:45:00.957000+00:00,Internet,NaT
318,Group 4,task-28732,Resource10,T02 Check confirmation of receipt,2011-06-16 11:01:54.592000+00:00,complete,2011-06-14 12:45:00.957000+00:00,Resource26,2011-08-31 12:45:00.957000+00:00,General,,case-8079,2011-08-31 12:45:00.957000+00:00,Internet,NaT
319,Group 1,task-29806,Resource27,Confirmation of receipt,2011-06-27 10:06:24.059000+00:00,complete,2011-06-23 23:06:40.020000+00:00,admin3,2011-08-17 23:06:40.020000+00:00,Customer contact,,case-8267,2011-08-17 23:06:40+00:00,Internet,2011-06-23 22:00:00.020000+00:00
320,Group 4,task-29807,admin2,T02 Check confirmation of receipt,2011-06-27 10:14:43.992000+00:00,complete,2011-06-23 23:06:40.020000+00:00,admin3,2011-08-17 23:06:40.020000+00:00,Customer contact,,case-8267,2011-08-17 23:06:40+00:00,Internet,2011-06-23 22:00:00.020000+00:00
321,Group 1,task-29808,admin2,T06 Determine necessity of stop advice,2011-06-27 10:14:44.515000+00:00,complete,2011-06-23 23:06:40.020000+00:00,admin3,2011-08-17 23:06:40.020000+00:00,Customer contact,,case-8267,2011-08-17 23:06:40+00:00,Internet,2011-06-23 22:00:00.020000+00:00
322,Group 1,task-31314,Resource27,Confirmation of receipt,2011-07-07 11:35:43.950000+00:00,complete,2011-07-04 23:06:40.020000+00:00,Resource01,2011-08-29 23:06:40.020000+00:00,General,Group 8,case-8441,2011-08-29 23:06:40+00:00,Internet,2011-07-12 22:00:00.020000+00:00
323,Group 1,task-31316,admin2,T06 Determine necessity of stop advice,2011-07-15 11:45:49.995000+00:00,complete,2011-07-04 23:06:40.020000+00:00,Resource01,2011-08-29 23:06:40.020000+00:00,General,Group 8,case-8441,2011-08-29 23:06:40+00:00,Internet,2011-07-12 22:00:00.020000+00:00
324,EMPTY,task-31315,admin2,T02 Check confirmation of receipt,2011-07-15 11:45:50.767000+00:00,complete,2011-07-04 23:06:40.020000+00:00,Resource01,2011-08-29 23:06:40.020000+00:00,General,Group 8,case-8441,2011-08-29 23:06:40+00:00,Internet,2011-07-12 22:00:00.020000+00:00
325,EMPTY,task-38163,Resource03,Confirmation of receipt,2011-09-19 14:39:59.355000+00:00,complete,2011-09-05 23:06:40.020000+00:00,Resource01,2011-11-01 00:06:40.010000+00:00,General,Group 8,case-9407,2011-11-01 00:06:40+00:00,Internet,2011-09-26 07:12:19.969000+00:00
326,Group 4,task-39495,Resource03,T02 Check confirmation of receipt,2011-09-19 14:41:01.252000+00:00,complete,2011-09-05 23:06:40.020000+00:00,Resource01,2011-11-01 00:06:40.010000+00:00,General,Group 8,case-9407,2011-11-01 00:06:40+00:00,Internet,2011-09-26 07:12:19.969000+00:00
327,Group 1,task-39496,Resource03,T06 Determine necessity of stop advice,2011-09-19 14:42:22.882000+00:00,complete,2011-09-05 23:06:40.020000+00:00,Resource01,2011-11-01 00:06:40.010000+00:00,General,Group 8,case-9407,2011-11-01 00:06:40+00:00,Internet,2011-09-26 07:12:19.969000+00:00
328,Group 1,task-39498,Resource03,T10 Determine necessity to stop indication,2011-09-19 14:42:42.075000+00:00,complete,2011-09-05 23:06:40.020000+00:00,Resource01,2011-11-01 00:06:40.010000+00:00,General,Group 8,case-9407,2011-11-01 00:06:40+00:00,Internet,2011-09-26 07:12:19.969000+00:00
329,EMPTY,task-39497,Resource10,T04 Determine confirmation of receipt,2011-09-25 19:23:18.352000+00:00,complete,2011-09-05 23:06:40.020000+00:00,Resource01,2011-11-01 00:06:40.010000+00:00,General,Group 8,case-9407,2011-11-01 00:06:40+00:00,Internet,2011-09-26 07:12:19.969000+00:00
330,EMPTY,task-40236,Resource03,T05 Print and send confirmation of receipt,2011-09-26 06:58:37.903000+00:00,complete,2011-09-05 23:06:40.020000+00:00,Resource01,2011-11-01 00:06:40.010000+00:00,General,Group 8,case-9407,2011-11-01 00:06:40+00:00,Internet,2011-09-26 07:12:19.969000+00:00
331,Group 1,task-39499,Resource03,T11 Create document X request unlicensed,2011-09-26 07:11:04.340000+00:00,complete,2011-09-05 23:06:40.020000+00:00,Resource01,2011-11-01 00:06:40.010000+00:00,General,Group 8,case-9407,2011-11-01 00:06:40+00:00,Internet,2011-09-26 07:12:19.969000+00:00
332,Group 4,task-40258,Resource03,T12 Check document X request unlicensed,2011-09-26 07:11:43.179000+00:00,complete,2011-09-05 23:06:40.020000+00:00,Resource01,2011-11-01 00:06:40.010000+00:00,General,Group 8,case-9407,2011-11-01 00:06:40+00:00,Internet,2011-09-26 07:12:19.969000+00:00
333,Group 3,task-40259,Resource03,T14 Determine document X request unlicensed,2011-09-26 07:12:03.930000+00:00,complete,2011-09-05 23:06:40.020000+00:00,Resource01,2011-11-01 00:06:40.010000+00:00,General,Group 8,case-9407,2011-11-01 00:06:40+00:00,Internet,2011-09-26 07:12:19.969000+00:00
334,Group 2,task-40260,Resource03,T15 Print document X request unlicensed,2011-09-26 07:12:19.803000+00:00,complete,2011-09-05 23:06:40.020000+00:00,Resource01,2011-11-01 00:06:40.010000+00:00,General,Group 8,case-9407,2011-11-01 00:06:40+00:00,Internet,2011-09-26 07:12:19.969000+00:00
335,EMPTY,task-49206,Resource23,Confirmation of receipt,2011-12-12 13:30:43.309000+00:00,complete,2011-12-06 00:06:40.010000+00:00,Resource23,2012-01-31 00:06:40.010000+00:00,General,Group 5,case-10765,2012-01-31 00:06:40+00:00,Internet,NaT
336,Group 4,task-49672,Resource23,T02 Check confirmation of receipt,2011-12-12 13:32:01.716000+00:00,complete,2011-12-06 00:06:40.010000+00:00,Resource23,2012-01-31 00:06:40.010000+00:00,General,Group 5,case-10765,2012-01-31 00:06:40+00:00,Internet,NaT
337,Group 3,task-49674,Resource23,T04 Determine confirmation of receipt,2011-12-12 13:32:40.534000+00:00,complete,2011-12-06 00:06:40.010000+00:00,Resource23,2012-01-31 00:06:40.010000+00:00,General,Group 5,case-10765,2012-01-31 00:06:40+00:00,Internet,NaT
338,Group 2,task-49675,Resource23,T05 Print and send confirmation of receipt,2011-12-12 13:33:38.186000+00:00,complete,2011-12-06 00:06:40.010000+00:00,Resource23,2012-01-31 00:06:40.010000+00:00,General,Group 5,case-10765,2012-01-31 00:06:40+00:00,Internet,NaT
339,EMPTY,task-46826,Resource02,Confirmation of receipt,2012-01-09 10:31:41.636000+00:00,complete,2011-11-15 00:06:40.010000+00:00,Resource02,2012-02-21 23:00:00.010000+00:00,General,Group 5,case-10483,2012-02-21 23:00:00+00:00,Internet,NaT
340,Group 4,task-51617,Resource02,T02 Check confirmation of receipt,2012-01-09 10:32:15.732000+00:00,complete,2011-11-15 00:06:40.010000+00:00,Resource02,2012-02-21 23:00:00.010000+00:00,General,Group 5,case-10483,2012-02-21 23:00:00+00:00,Internet,NaT
341,Group 3,task-51619,Resource02,T04 Determine confirmation of receipt,2012-01-09 10:32:51.848000+00:00,complete,2011-11-15 00:06:40.010000+00:00,Resource02,2012-02-21 23:00:00.010000+00:00,General,Group 5,case-10483,2012-02-21 23:00:00+00:00,Internet,NaT
342,Group 2,task-51620,Resource02,T05 Print and send confirmation of receipt,2012-01-09 10:33:18.309000+00:00,complete,2011-11-15 00:06:40.010000+00:00,Resource02,2012-02-21 23:00:00.010000+00:00,General,Group 5,case-10483,2012-02-21 23:00:00+00:00,Internet,NaT
