,concept:name,time:timestamp,case:concept:name
0,A,2019-01-10 08:00:00+00:00,0
1,D,2019-01-10 08:34:20.039000+00:00,0
2,F,2019-01-10 08:58:00.648000+00:00,0
3,E,2019-01-10 09:23:31.774000+00:00,0
4,G,2019-01-10 09:53:47.392000+00:00,0
5,H,2019-01-10 10:22:33.205000+00:00,0
6,A,2019-01-10 12:00:00+00:00,12
7,D,2019-01-10 12:31:01.822000+00:00,12
8,F,2019-01-10 13:04:29.473000+00:00,12
9,E,2019-01-10 13:38:04.182000+00:00,12
10,G,2019-01-10 14:07:54.175000+00:00,12
11,H,2019-01-10 14:37:21.429000+00:00,12
12,A,2019-01-10 13:00:00+00:00,15
13,D,2019-01-10 13:34:14.649000+00:00,15
14,F,2019-01-10 14:05:35.251000+00:00,15
15,E,2019-01-10 14:36:56.339000+00:00,15
16,G,2019-01-10 15:08:49.683000+00:00,15
17,H,2019-01-10 15:34:03.236000+00:00,15
18,A,2019-01-10 15:00:00+00:00,21
19,D,2019-01-10 15:27:17.761000+00:00,21
20,F,2019-01-10 15:57:54.457000+00:00,21
21,E,2019-01-10 16:27:29.456000+00:00,21
22,G,2019-01-10 16:56:20.377000+00:00,21
23,H,2019-01-10 17:24:39.142000+00:00,21
24,A,2019-01-10 15:20:00+00:00,22
25,D,2019-01-10 15:52:05.258000+00:00,22
26,F,2019-01-10 16:23:34.675000+00:00,22
27,E,2019-01-10 16:48:49.158000+00:00,22
28,G,2019-01-10 17:21:36.331000+00:00,22
29,H,2019-01-10 17:47:52.253000+00:00,22
30,A,2019-01-10 15:40:00+00:00,23
31,D,2019-01-10 16:07:29.236000+00:00,23
32,F,2019-01-10 16:32:03.331000+00:00,23
33,E,2019-01-10 17:04:31.157000+00:00,23
34,G,2019-01-10 17:32:27.623000+00:00,23
35,H,2019-01-10 18:02:44.469000+00:00,23
36,A,2019-01-10 16:00:00+00:00,24
37,D,2019-01-10 16:32:41.970000+00:00,24
38,F,2019-01-10 17:05:17.936000+00:00,24
39,E,2019-01-10 17:30:54.432000+00:00,24
40,G,2019-01-10 18:03:33.861000+00:00,24
41,H,2019-01-10 18:35:04.918000+00:00,24
42,A,2019-01-10 16:40:00+00:00,26
43,D,2019-01-10 17:05:30.492000+00:00,26
44,F,2019-01-10 17:30:41.342000+00:00,26
45,E,2019-01-10 18:01:02.955000+00:00,26
46,G,2019-01-10 18:33:14.243000+00:00,26
47,H,2019-01-10 19:04:14.208000+00:00,26
48,A,2019-01-10 17:40:00+00:00,29
49,D,2019-01-10 18:06:32.696000+00:00,29
50,F,2019-01-10 18:36:28.791000+00:00,29
51,E,2019-01-10 19:08:32.578000+00:00,29
52,G,2019-01-10 19:36:02.269000+00:00,29
53,H,2019-01-10 20:01:26.886000+00:00,29
54,A,2019-01-10 19:40:00+00:00,35
55,D,2019-01-10 20:09:47.576000+00:00,35
56,F,2019-01-10 20:44:14.914000+00:00,35
57,E,2019-01-10 21:13:46.795000+00:00,35
58,G,2019-01-10 21:42:31.342000+00:00,35
59,H,2019-01-10 22:16:54.714000+00:00,35
60,A,2019-01-10 20:00:00+00:00,36
61,D,2019-01-10 20:28:41.124000+00:00,36
62,F,2019-01-10 20:59:33.780000+00:00,36
63,E,2019-01-10 21:31:10.073000+00:00,36
64,G,2019-01-10 22:03:02.273000+00:00,36
65,H,2019-01-10 22:31:36.079000+00:00,36
66,A,2019-01-10 21:00:00+00:00,39
67,D,2019-01-10 21:29:29.593000+00:00,39
68,F,2019-01-10 21:55:26.036000+00:00,39
69,E,2019-01-10 22:26:58.381000+00:00,39
70,G,2019-01-10 22:53:40.754000+00:00,39
71,H,2019-01-10 23:22:52.617000+00:00,39
72,A,2019-01-10 23:20:00+00:00,46
73,D,2019-01-11 00:01:18.418000+00:00,46
74,F,2019-01-11 00:31:35.666000+00:00,46
75,E,2019-01-11 01:11:02.834000+00:00,46
76,G,2019-01-11 01:40:05.687000+00:00,46
77,H,2019-01-11 02:09:32.542000+00:00,46
78,A,2019-01-11 00:00:00+00:00,48
79,D,2019-01-11 00:30:58.424000+00:00,48
80,F,2019-01-11 01:00:31.103000+00:00,48
81,E,2019-01-11 01:29:51.981000+00:00,48
82,G,2019-01-11 02:00:57.717000+00:00,48
83,H,2019-01-11 02:36:23.692000+00:00,48
84,A,2019-01-11 01:00:00+00:00,51
85,D,2019-01-11 01:29:17.462000+00:00,51
86,F,2019-01-11 02:04:03.240000+00:00,51
87,E,2019-01-11 02:23:22.187000+00:00,51
88,G,2019-01-11 02:59:12.476000+00:00,51
89,H,2019-01-11 03:33:43.430000+00:00,51
90,A,2019-01-11 04:20:00+00:00,61
91,D,2019-01-11 04:51:39.145000+00:00,61
92,F,2019-01-11 05:22:15.971000+00:00,61
93,E,2019-01-11 05:50:49.851000+00:00,61
94,G,2019-01-11 06:20:44.923000+00:00,61
95,H,2019-01-11 06:54:42.001000+00:00,61
96,A,2019-01-11 05:00:00+00:00,63
97,D,2019-01-11 05:29:27.741000+00:00,63
98,F,2019-01-11 05:55:43.152000+00:00,63
99,E,2019-01-11 06:28:04.193000+00:00,63
100,G,2019-01-11 06:53:13.644000+00:00,63
101,H,2019-01-11 07:21:19.119000+00:00,63
102,A,2019-01-11 07:20:00+00:00,70
103,D,2019-01-11 07:46:04.913000+00:00,70
104,F,2019-01-11 08:16:19.212000+00:00,70
105,E,2019-01-11 08:49:08.276000+00:00,70
106,G,2019-01-11 09:20:18.179000+00:00,70
107,H,2019-01-11 09:51:38.658000+00:00,70
108,A,2019-01-11 09:40:00+00:00,77
109,D,2019-01-11 10:11:29.812000+00:00,77
110,F,2019-01-11 10:43:54.609000+00:00,77
111,E,2019-01-11 11:15:52.409000+00:00,77
112,G,2019-01-11 11:40:32.677000+00:00,77
113,H,2019-01-11 12:07:55.795000+00:00,77
114,A,2019-01-11 11:00:00+00:00,81
115,D,2019-01-11 11:28:38.911000+00:00,81
116,F,2019-01-11 12:01:33.938000+00:00,81
117,E,2019-01-11 12:30:37.312000+00:00,81
118,G,2019-01-11 12:54:43.001000+00:00,81
119,H,2019-01-11 13:24:01.224000+00:00,81
120,A,2019-01-11 12:20:00+00:00,85
121,D,2019-01-11 12:54:52.190000+00:00,85
122,F,2019-01-11 13:27:41.074000+00:00,85
123,E,2019-01-11 13:56:16.333000+00:00,85
124,G,2019-01-11 14:30:30.529000+00:00,85
125,H,2019-01-11 14:57:05.846000+00:00,85
126,A,2019-01-11 12:40:00+00:00,86
127,D,2019-01-11 13:10:11.459000+00:00,86
128,F,2019-01-11 13:42:46.039000+00:00,86
129,E,2019-01-11 14:10:44.511000+00:00,86
130,G,2019-01-11 14:39:07.013000+00:00,86
131,H,2019-01-11 15:08:37.565000+00:00,86
132,A,2019-01-11 13:40:00+00:00,89
133,D,2019-01-11 14:12:43.429000+00:00,89
134,F,2019-01-11 14:40:41.893000+00:00,89
135,E,2019-01-11 15:11:53.947000+00:00,89
136,G,2019-01-11 15:45:12.336000+00:00,89
137,H,2019-01-11 16:17:51.821000+00:00,89
138,A,2019-01-11 14:40:00+00:00,92
139,D,2019-01-11 15:13:21.063000+00:00,92
140,F,2019-01-11 15:39:01.735000+00:00,92
141,E,2019-01-11 16:08:53.328000+00:00,92
142,G,2019-01-11 16:42:03.783000+00:00,92
143,H,2019-01-11 17:07:21.277000+00:00,92
144,A,2019-01-11 15:00:00+00:00,93
145,D,2019-01-11 15:29:18.728000+00:00,93
146,F,2019-01-11 15:55:46.216000+00:00,93
147,E,2019-01-11 16:31:12.451000+00:00,93
148,G,2019-01-11 17:03:31.664000+00:00,93
149,H,2019-01-11 17:34:13.020000+00:00,93
150,A,2019-01-11 17:00:00+00:00,99
151,D,2019-01-11 17:33:17.027000+00:00,99
152,F,2019-01-11 18:06:43.075000+00:00,99
153,E,2019-01-11 18:36:16.130000+00:00,99
154,G,2019-01-11 19:06:03.739000+00:00,99
155,H,2019-01-11 19:39:34.591000+00:00,99
156,A,2019-01-11 20:00:00+00:00,108
157,D,2019-01-11 20:26:57.586000+00:00,108
158,F,2019-01-11 20:58:24.925000+00:00,108
159,E,2019-01-11 21:28:32.596000+00:00,108
160,G,2019-01-11 21:58:39.086000+00:00,108
161,H,2019-01-11 22:23:11.608000+00:00,108
162,A,2019-01-11 21:20:00+00:00,112
163,D,2019-01-11 21:50:39.799000+00:00,112
164,F,2019-01-11 22:20:01.420000+00:00,112
165,E,2019-01-11 22:52:26.102000+00:00,112
166,G,2019-01-11 23:23:16.732000+00:00,112
167,H,2019-01-11 23:50:11.113000+00:00,112
168,A,2019-01-11 22:40:00+00:00,116
169,D,2019-01-11 23:07:31.943000+00:00,116
170,F,2019-01-11 23:36:27.530000+00:00,116
171,E,2019-01-12 00:06:00.084000+00:00,116
172,G,2019-01-12 00:35:28.449000+00:00,116
173,H,2019-01-12 01:04:18.703000+00:00,116
174,A,2019-01-12 00:00:00+00:00,120
175,D,2019-01-12 00:32:55.139000+00:00,120
176,F,2019-01-12 01:03:43.788000+00:00,120
177,E,2019-01-12 01:32:34.257000+00:00,120
178,G,2019-01-12 02:05:54.755000+00:00,120
179,H,2019-01-12 02:36:29.719000+00:00,120
180,A,2019-01-12 00:20:00+00:00,121
181,D,2019-01-12 00:48:20.965000+00:00,121
182,F,2019-01-12 01:21:00.337000+00:00,121
183,E,2019-01-12 01:48:33.413000+00:00,121
184,G,2019-01-12 02:20:43.444000+00:00,121
185,H,2019-01-12 02:49:25.855000+00:00,121
186,A,2019-01-12 03:20:00+00:00,130
187,D,2019-01-12 03:48:22.001000+00:00,130
188,F,2019-01-12 04:10:06.780000+00:00,130
189,E,2019-01-12 04:39:41.034000+00:00,130
190,G,2019-01-12 05:03:33.237000+00:00,130
191,H,2019-01-12 05:31:15.278000+00:00,130
192,A,2019-01-12 06:40:00+00:00,140
193,D,2019-01-12 07:16:02.465000+00:00,140
194,F,2019-01-12 07:39:57.876000+00:00,140
195,E,2019-01-12 08:06:40.307000+00:00,140
196,G,2019-01-12 08:36:44.712000+00:00,140
197,H,2019-01-12 09:10:09.695000+00:00,140
198,A,2019-01-12 07:40:00+00:00,143
199,D,2019-01-12 08:13:29.902000+00:00,143
200,F,2019-01-12 08:39:49.833000+00:00,143
201,E,2019-01-12 09:12:14.897000+00:00,143
202,G,2019-01-12 09:40:45.903000+00:00,143
203,H,2019-01-12 10:09:30.850000+00:00,143
204,A,2019-01-12 08:40:00+00:00,146
205,D,2019-01-12 09:12:26.296000+00:00,146
206,F,2019-01-12 09:35:37.448000+00:00,146
207,E,2019-01-12 10:06:48.503000+00:00,146
208,G,2019-01-12 10:36:32.361000+00:00,146
209,H,2019-01-12 11:08:43.012000+00:00,146
210,A,2019-01-12 11:20:00+00:00,154
211,D,2019-01-12 11:49:43.145000+00:00,154
212,F,2019-01-12 12:24:18.767000+00:00,154
213,E,2019-01-12 12:57:41.921000+00:00,154
214,G,2019-01-12 13:31:16.072000+00:00,154
215,H,2019-01-12 14:00:43.494000+00:00,154
216,A,2019-01-12 12:00:00+00:00,156
217,D,2019-01-12 12:28:02.962000+00:00,156
218,F,2019-01-12 12:59:05.619000+00:00,156
219,E,2019-01-12 13:28:34.694000+00:00,156
220,G,2019-01-12 13:55:17.039000+00:00,156
221,H,2019-01-12 14:22:35.871000+00:00,156
222,A,2019-01-10 08:20:00+00:00,1
223,B,2019-01-10 08:47:04.440000+00:00,1
224,C,2019-01-10 09:19:50.836000+00:00,1
225,A,2019-01-10 09:50:50.483000+00:00,1
226,B,2019-01-10 10:21:34.013000+00:00,1
227,C,2019-01-10 10:51:49.882000+00:00,1
228,A,2019-01-10 11:22:52.248000+00:00,1
229,B,2019-01-10 11:52:49.875000+00:00,1
230,C,2019-01-10 12:19:19.281000+00:00,1
231,A,2019-01-10 12:54:33.751000+00:00,1
232,B,2019-01-10 13:23:29.645000+00:00,1
233,C,2019-01-10 13:48:03.070000+00:00,1
234,A,2019-01-10 14:20:58.347000+00:00,1
235,D,2019-01-10 14:54:09.325000+00:00,1
236,F,2019-01-10 15:24:22.976000+00:00,1
237,E,2019-01-10 15:48:18.675000+00:00,1
238,G,2019-01-10 16:19:26.500000+00:00,1
239,H,2019-01-10 16:46:18.476000+00:00,1
240,A,2019-01-11 11:40:00+00:00,83
241,B,2019-01-11 12:10:55.840000+00:00,83
242,C,2019-01-11 12:42:17.424000+00:00,83
243,A,2019-01-11 13:03:15.209000+00:00,83
244,B,2019-01-11 13:33:44.088000+00:00,83
245,C,2019-01-11 14:04:12.822000+00:00,83
246,A,2019-01-11 14:36:52.329000+00:00,83
247,B,2019-01-11 15:09:07.892000+00:00,83
248,C,2019-01-11 15:40:32.719000+00:00,83
249,A,2019-01-11 16:12:58.668000+00:00,83
250,B,2019-01-11 16:44:44.899000+00:00,83
251,C,2019-01-11 17:18:25.869000+00:00,83
252,A,2019-01-11 17:47:03.371000+00:00,83
253,D,2019-01-11 18:15:31.347000+00:00,83
254,F,2019-01-11 18:45:53.274000+00:00,83
255,E,2019-01-11 19:17:19.332000+00:00,83
256,G,2019-01-11 19:48:02.780000+00:00,83
257,H,2019-01-11 20:17:09.713000+00:00,83
258,A,2019-01-12 22:00:00+00:00,186
259,B,2019-01-12 22:28:03.200000+00:00,186
260,C,2019-01-12 22:59:36.539000+00:00,186
261,A,2019-01-12 23:29:02.011000+00:00,186
262,B,2019-01-12 23:58:55.532000+00:00,186
263,C,2019-01-13 00:32:34.632000+00:00,186
264,A,2019-01-13 01:00:51.123000+00:00,186
265,B,2019-01-13 01:36:36.867000+00:00,186
266,C,2019-01-13 02:03:50.909000+00:00,186
267,A,2019-01-13 02:33:37.019000+00:00,186
268,B,2019-01-13 03:10:47.119000+00:00,186
269,C,2019-01-13 03:42:46.845000+00:00,186
270,A,2019-01-13 04:16:24.369000+00:00,186
271,D,2019-01-13 04:46:38.097000+00:00,186
272,F,2019-01-13 05:17:48.790000+00:00,186
273,E,2019-01-13 05:46:43.186000+00:00,186
274,G,2019-01-13 06:18:29.594000+00:00,186
275,H,2019-01-13 06:46:03.914000+00:00,186
276,A,2019-01-10 08:40:00+00:00,2
277,B,2019-01-10 09:13:53.243000+00:00,2
278,C,2019-01-10 09:41:32.260000+00:00,2
279,A,2019-01-10 10:07:14.733000+00:00,2
280,D,2019-01-10 10:35:45.966000+00:00,2
281,F,2019-01-10 11:10:13.530000+00:00,2
282,E,2019-01-10 11:41:49.118000+00:00,2
283,G,2019-01-10 12:08:30.863000+00:00,2
284,I,2019-01-10 12:35:42.918000+00:00,2
285,J,2019-01-10 13:08:18.412000+00:00,2
286,L,2019-01-10 13:39:45.605000+00:00,2
287,M,2019-01-10 14:09:25.712000+00:00,2
288,N,2019-01-10 14:39:55.228000+00:00,2
289,A,2019-01-10 10:40:00+00:00,8
290,B,2019-01-10 11:07:56.414000+00:00,8
291,C,2019-01-10 11:44:08.912000+00:00,8
292,A,2019-01-10 12:11:03.256000+00:00,8
293,D,2019-01-10 12:41:43.430000+00:00,8
294,F,2019-01-10 13:11:38.575000+00:00,8
295,E,2019-01-10 13:41:36.545000+00:00,8
296,G,2019-01-10 14:11:12.295000+00:00,8
297,I,2019-01-10 14:46:02.348000+00:00,8
298,J,2019-01-10 15:18:11.986000+00:00,8
299,L,2019-01-10 15:49:03.806000+00:00,8
300,M,2019-01-10 16:21:46.897000+00:00,8
301,N,2019-01-10 16:53:06.647000+00:00,8
302,A,2019-01-10 13:40:00+00:00,17
303,B,2019-01-10 14:15:43.717000+00:00,17
304,C,2019-01-10 14:44:14.309000+00:00,17
305,A,2019-01-10 15:10:16.594000+00:00,17
306,D,2019-01-10 15:40:39.978000+00:00,17
307,F,2019-01-10 16:12:20.606000+00:00,17
308,E,2019-01-10 16:43:15.043000+00:00,17
309,G,2019-01-10 17:09:08.356000+00:00,17
310,I,2019-01-10 17:37:59.035000+00:00,17
311,J,2019-01-10 18:07:56.373000+00:00,17
312,L,2019-01-10 18:40:52.988000+00:00,17
313,M,2019-01-10 19:08:37.213000+00:00,17
314,N,2019-01-10 19:39:24.529000+00:00,17
315,A,2019-01-10 14:00:00+00:00,18
316,B,2019-01-10 14:27:44.308000+00:00,18
317,C,2019-01-10 14:54:55.623000+00:00,18
318,A,2019-01-10 15:22:04.496000+00:00,18
319,D,2019-01-10 15:52:06.101000+00:00,18
320,F,2019-01-10 16:24:41.732000+00:00,18
321,E,2019-01-10 16:58:01.885000+00:00,18
322,G,2019-01-10 17:30:18.895000+00:00,18
323,I,2019-01-10 18:06:03.651000+00:00,18
324,J,2019-01-10 18:40:17.505000+00:00,18
325,L,2019-01-10 19:11:30.215000+00:00,18
326,M,2019-01-10 19:46:56.419000+00:00,18
327,N,2019-01-10 20:14:57.890000+00:00,18
328,A,2019-01-10 17:00:00+00:00,27
329,B,2019-01-10 17:29:42.684000+00:00,27
330,C,2019-01-10 17:59:42.778000+00:00,27
331,A,2019-01-10 18:33:35.068000+00:00,27
332,D,2019-01-10 19:04:45.894000+00:00,27
333,F,2019-01-10 19:30:19.229000+00:00,27
334,E,2019-01-10 19:58:12.394000+00:00,27
335,G,2019-01-10 20:25:21.030000+00:00,27
336,I,2019-01-10 20:52:21.208000+00:00,27
337,J,2019-01-10 21:19:23.003000+00:00,27
338,L,2019-01-10 21:48:56.384000+00:00,27
339,M,2019-01-10 22:16:41.794000+00:00,27
340,N,2019-01-10 22:48:24.197000+00:00,27
341,A,2019-01-11 00:40:00+00:00,50
342,B,2019-01-11 01:09:52.598000+00:00,50
343,C,2019-01-11 01:40:51.854000+00:00,50
344,A,2019-01-11 02:06:11.390000+00:00,50
345,D,2019-01-11 02:36:38.241000+00:00,50
346,F,2019-01-11 03:05:17.375000+00:00,50
347,E,2019-01-11 03:35:18.359000+00:00,50
348,G,2019-01-11 04:07:00.384000+00:00,50
349,I,2019-01-11 04:36:18.618000+00:00,50
350,J,2019-01-11 05:03:51.492000+00:00,50
351,L,2019-01-11 05:35:09.746000+00:00,50
352,M,2019-01-11 06:02:04.162000+00:00,50
353,N,2019-01-11 06:30:47.820000+00:00,50
354,A,2019-01-11 19:00:00+00:00,105
355,B,2019-01-11 19:33:07.374000+00:00,105
356,C,2019-01-11 20:06:29.496000+00:00,105
357,A,2019-01-11 20:35:59.369000+00:00,105
358,D,2019-01-11 21:02:13.084000+00:00,105
359,F,2019-01-11 21:25:25.953000+00:00,105
360,E,2019-01-11 21:52:38.495000+00:00,105
361,G,2019-01-11 22:30:38.901000+00:00,105
362,I,2019-01-11 23:04:13.903000+00:00,105
363,J,2019-01-11 23:32:14.223000+00:00,105
364,L,2019-01-12 00:00:56.051000+00:00,105
365,M,2019-01-12 00:29:16.929000+00:00,105
366,N,2019-01-12 00:57:41.342000+00:00,105
367,A,2019-01-10 09:00:00+00:00,3
368,B,2019-01-10 09:31:55.858000+00:00,3
369,C,2019-01-10 10:05:08.268000+00:00,3
370,A,2019-01-10 10:35:39.982000+00:00,3
371,B,2019-01-10 11:03:32.783000+00:00,3
372,C,2019-01-10 11:37:00.355000+00:00,3
373,A,2019-01-10 12:02:46.156000+00:00,3
374,D,2019-01-10 12:37:43.926000+00:00,3
375,F,2019-01-10 13:05:34.567000+00:00,3
376,E,2019-01-10 13:38:31.525000+00:00,3
377,G,2019-01-10 14:08:58.183000+00:00,3
378,H,2019-01-10 14:37:08.543000+00:00,3
379,A,2019-01-10 11:20:00+00:00,10
380,B,2019-01-10 11:52:42.656000+00:00,10
381,C,2019-01-10 12:19:48.974000+00:00,10
382,A,2019-01-10 12:47:46.020000+00:00,10
383,B,2019-01-10 13:21:47.957000+00:00,10
384,C,2019-01-10 13:50:29.383000+00:00,10
385,A,2019-01-10 14:18:02.642000+00:00,10
386,D,2019-01-10 14:52:03.791000+00:00,10
387,F,2019-01-10 15:23:23.959000+00:00,10
388,E,2019-01-10 15:58:34.224000+00:00,10
389,G,2019-01-10 16:24:51.385000+00:00,10
390,H,2019-01-10 16:56:06.670000+00:00,10
391,A,2019-01-10 20:40:00+00:00,38
392,B,2019-01-10 21:10:05.277000+00:00,38
393,C,2019-01-10 21:41:39.058000+00:00,38
394,A,2019-01-10 22:13:20.573000+00:00,38
395,B,2019-01-10 22:41:15.210000+00:00,38
396,C,2019-01-10 23:06:11.939000+00:00,38
397,A,2019-01-10 23:42:18.427000+00:00,38
398,D,2019-01-11 00:13:28.286000+00:00,38
399,F,2019-01-11 00:43:37.739000+00:00,38
400,E,2019-01-11 01:16:00.717000+00:00,38
401,G,2019-01-11 01:46:13.194000+00:00,38
402,H,2019-01-11 02:20:41.569000+00:00,38
403,A,2019-01-11 07:00:00+00:00,69
404,B,2019-01-11 07:27:05.553000+00:00,69
405,C,2019-01-11 07:59:39.741000+00:00,69
406,A,2019-01-11 08:25:38.027000+00:00,69
407,B,2019-01-11 08:55:00.360000+00:00,69
408,C,2019-01-11 09:23:52.241000+00:00,69
409,A,2019-01-11 09:52:58.141000+00:00,69
410,D,2019-01-11 10:19:46.909000+00:00,69
411,F,2019-01-11 10:52:14.962000+00:00,69
412,E,2019-01-11 11:19:43.186000+00:00,69
413,G,2019-01-11 11:49:36.703000+00:00,69
414,H,2019-01-11 12:15:26.043000+00:00,69
415,A,2019-01-11 12:00:00+00:00,84
416,B,2019-01-11 12:27:36.776000+00:00,84
417,C,2019-01-11 13:00:26.114000+00:00,84
418,A,2019-01-11 13:24:49.878000+00:00,84
419,B,2019-01-11 13:51:00.287000+00:00,84
420,C,2019-01-11 14:20:36.004000+00:00,84
421,A,2019-01-11 14:51:05.764000+00:00,84
422,D,2019-01-11 15:20:42.732000+00:00,84
423,F,2019-01-11 15:49:53.883000+00:00,84
424,E,2019-01-11 16:20:57.012000+00:00,84
425,G,2019-01-11 16:52:58.527000+00:00,84
426,H,2019-01-11 17:25:01.564000+00:00,84
427,A,2019-01-11 15:20:00+00:00,94
428,B,2019-01-11 15:49:04.819000+00:00,94
429,C,2019-01-11 16:17:37.315000+00:00,94
430,A,2019-01-11 16:46:25.046000+00:00,94
431,B,2019-01-11 17:12:45.162000+00:00,94
432,C,2019-01-11 17:44:58.958000+00:00,94
433,A,2019-01-11 18:14:38.761000+00:00,94
434,D,2019-01-11 18:47:15.088000+00:00,94
435,F,2019-01-11 19:20:24.148000+00:00,94
436,E,2019-01-11 19:49:41.637000+00:00,94
437,G,2019-01-11 20:20:38.632000+00:00,94
438,H,2019-01-11 20:49:17.436000+00:00,94
439,A,2019-01-11 18:40:00+00:00,104
440,B,2019-01-11 19:05:55.220000+00:00,104
441,C,2019-01-11 19:38:47.202000+00:00,104
442,A,2019-01-11 20:05:22.475000+00:00,104
443,B,2019-01-11 20:32:10.063000+00:00,104
444,C,2019-01-11 21:03:30.966000+00:00,104
445,A,2019-01-11 21:28:10.993000+00:00,104
446,D,2019-01-11 21:54:17.516000+00:00,104
447,F,2019-01-11 22:24:56.852000+00:00,104
448,E,2019-01-11 22:53:49.856000+00:00,104
449,G,2019-01-11 23:16:14.237000+00:00,104
450,H,2019-01-11 23:48:22.857000+00:00,104
451,A,2019-01-11 21:00:00+00:00,111
452,B,2019-01-11 21:29:49.058000+00:00,111
453,C,2019-01-11 22:06:17.875000+00:00,111
454,A,2019-01-11 22:35:56.498000+00:00,111
455,B,2019-01-11 23:05:29.984000+00:00,111
456,C,2019-01-11 23:35:02.975000+00:00,111
457,A,2019-01-12 00:05:14.759000+00:00,111
458,D,2019-01-12 00:34:57.878000+00:00,111
459,F,2019-01-12 00:59:53.864000+00:00,111
460,E,2019-01-12 01:29:34.266000+00:00,111
461,G,2019-01-12 01:59:21.495000+00:00,111
462,H,2019-01-12 02:29:41.981000+00:00,111
463,A,2019-01-11 22:20:00+00:00,115
464,B,2019-01-11 22:45:37.019000+00:00,115
465,C,2019-01-11 23:12:30.624000+00:00,115
466,A,2019-01-11 23:42:41.662000+00:00,115
467,B,2019-01-12 00:11:53.398000+00:00,115
468,C,2019-01-12 00:44:44.070000+00:00,115
469,A,2019-01-12 01:14:01.159000+00:00,115
470,D,2019-01-12 01:45:43.822000+00:00,115
471,F,2019-01-12 02:19:40.507000+00:00,115
472,E,2019-01-12 02:46:07.938000+00:00,115
473,G,2019-01-12 03:15:28.353000+00:00,115
474,H,2019-01-12 03:49:06.935000+00:00,115
475,A,2019-01-12 05:20:00+00:00,136
476,B,2019-01-12 05:48:34.273000+00:00,136
477,C,2019-01-12 06:21:03.666000+00:00,136
478,A,2019-01-12 06:46:56.609000+00:00,136
479,B,2019-01-12 07:18:27.041000+00:00,136
480,C,2019-01-12 07:50:41.088000+00:00,136
481,A,2019-01-12 08:24:54.329000+00:00,136
482,D,2019-01-12 08:55:27.068000+00:00,136
483,F,2019-01-12 09:26:28.711000+00:00,136
484,E,2019-01-12 10:00:24.578000+00:00,136
485,G,2019-01-12 10:24:03.386000+00:00,136
486,H,2019-01-12 10:54:44.584000+00:00,136
487,A,2019-01-12 07:00:00+00:00,141
488,B,2019-01-12 07:28:43.634000+00:00,141
489,C,2019-01-12 07:52:14.484000+00:00,141
490,A,2019-01-12 08:27:01.239000+00:00,141
491,B,2019-01-12 08:53:50.844000+00:00,141
492,C,2019-01-12 09:23:49.954000+00:00,141
493,A,2019-01-12 09:55:14.353000+00:00,141
494,D,2019-01-12 10:18:06.132000+00:00,141
495,F,2019-01-12 10:44:19.775000+00:00,141
496,E,2019-01-12 11:15:05.457000+00:00,141
497,G,2019-01-12 11:44:47.743000+00:00,141
498,H,2019-01-12 12:12:33.105000+00:00,141
499,A,2019-01-12 08:00:00+00:00,144
500,B,2019-01-12 08:34:08.187000+00:00,144
501,C,2019-01-12 09:05:26.824000+00:00,144
502,A,2019-01-12 09:33:17.086000+00:00,144
503,B,2019-01-12 10:07:30.785000+00:00,144
504,C,2019-01-12 10:35:22.023000+00:00,144
505,A,2019-01-12 11:03:44.476000+00:00,144
506,D,2019-01-12 11:31:35.125000+00:00,144
507,F,2019-01-12 11:59:00.162000+00:00,144
508,E,2019-01-12 12:20:14.467000+00:00,144
509,G,2019-01-12 12:49:21.202000+00:00,144
510,H,2019-01-12 13:18:42.484000+00:00,144
511,A,2019-01-10 09:20:00+00:00,4
512,D,2019-01-10 09:52:36.415000+00:00,4
513,F,2019-01-10 10:25:34.958000+00:00,4
514,E,2019-01-10 10:56:59.889000+00:00,4
515,G,2019-01-10 11:28:28.219000+00:00,4
516,I,2019-01-10 11:59:00.461000+00:00,4
517,J,2019-01-10 12:28:18.055000+00:00,4
518,K,2019-01-10 12:58:24.670000+00:00,4
519,M,2019-01-10 13:30:01.066000+00:00,4
520,O,2019-01-10 13:54:34.447000+00:00,4
521,A,2019-01-10 14:20:00+00:00,19
522,D,2019-01-10 14:51:18.366000+00:00,19
523,F,2019-01-10 15:21:38.175000+00:00,19
524,E,2019-01-10 15:55:10.961000+00:00,19
525,G,2019-01-10 16:22:20.353000+00:00,19
526,I,2019-01-10 16:51:49.412000+00:00,19
527,J,2019-01-10 17:22:28.175000+00:00,19
528,K,2019-01-10 17:59:07.269000+00:00,19
529,M,2019-01-10 18:31:13.022000+00:00,19
530,O,2019-01-10 19:01:37.124000+00:00,19
531,A,2019-01-10 23:00:00+00:00,45
532,D,2019-01-10 23:31:03.628000+00:00,45
533,F,2019-01-11 00:00:45.967000+00:00,45
534,E,2019-01-11 00:28:25.858000+00:00,45
535,G,2019-01-11 01:00:48.294000+00:00,45
536,I,2019-01-11 01:35:32.770000+00:00,45
537,J,2019-01-11 02:04:35.035000+00:00,45
538,K,2019-01-11 02:35:20.245000+00:00,45
539,M,2019-01-11 03:02:13.953000+00:00,45
540,O,2019-01-11 03:29:04.623000+00:00,45
541,A,2019-01-11 09:00:00+00:00,75
542,D,2019-01-11 09:30:51.642000+00:00,75
543,F,2019-01-11 10:03:14.116000+00:00,75
544,E,2019-01-11 10:33:35.932000+00:00,75
545,G,2019-01-11 11:00:27.298000+00:00,75
546,I,2019-01-11 11:29:15.946000+00:00,75
547,J,2019-01-11 12:00:34.936000+00:00,75
548,K,2019-01-11 12:34:09.715000+00:00,75
549,M,2019-01-11 12:59:47.912000+00:00,75
550,O,2019-01-11 13:32:33.403000+00:00,75
551,A,2019-01-11 14:20:00+00:00,91
552,D,2019-01-11 14:50:13.447000+00:00,91
553,F,2019-01-11 15:15:20.859000+00:00,91
554,E,2019-01-11 15:43:16.545000+00:00,91
555,G,2019-01-11 16:16:08.675000+00:00,91
556,I,2019-01-11 16:44:02.699000+00:00,91
557,J,2019-01-11 17:13:02.552000+00:00,91
558,K,2019-01-11 17:38:56.706000+00:00,91
559,M,2019-01-11 18:12:03.125000+00:00,91
560,O,2019-01-11 18:43:24.817000+00:00,91
561,A,2019-01-11 15:40:00+00:00,95
562,D,2019-01-11 16:13:19.563000+00:00,95
563,F,2019-01-11 16:39:40.538000+00:00,95
564,E,2019-01-11 17:15:14.063000+00:00,95
565,G,2019-01-11 17:39:49.529000+00:00,95
566,I,2019-01-11 18:10:36.900000+00:00,95
567,J,2019-01-11 18:41:18.537000+00:00,95
568,K,2019-01-11 19:10:41.079000+00:00,95
569,M,2019-01-11 19:42:44.528000+00:00,95
570,O,2019-01-11 20:04:59.766000+00:00,95
571,A,2019-01-11 17:20:00+00:00,100
572,D,2019-01-11 17:55:53.398000+00:00,100
573,F,2019-01-11 18:25:56.174000+00:00,100
574,E,2019-01-11 18:57:39.031000+00:00,100
575,G,2019-01-11 19:37:57.764000+00:00,100
576,I,2019-01-11 20:03:13.177000+00:00,100
577,J,2019-01-11 20:32:32.745000+00:00,100
578,K,2019-01-11 21:05:20.168000+00:00,100
579,M,2019-01-11 21:36:00.936000+00:00,100
580,O,2019-01-11 22:04:29.172000+00:00,100
581,A,2019-01-11 19:40:00+00:00,107
582,D,2019-01-11 20:09:49.399000+00:00,107
583,F,2019-01-11 20:38:38.420000+00:00,107
584,E,2019-01-11 21:11:39.639000+00:00,107
585,G,2019-01-11 21:38:05.336000+00:00,107
586,I,2019-01-11 22:11:30.479000+00:00,107
587,J,2019-01-11 22:38:44.339000+00:00,107
588,K,2019-01-11 23:04:08.915000+00:00,107
589,M,2019-01-11 23:34:40.830000+00:00,107
590,O,2019-01-12 00:04:40.860000+00:00,107
591,A,2019-01-11 20:40:00+00:00,110
592,D,2019-01-11 21:06:22.059000+00:00,110
593,F,2019-01-11 21:41:57.764000+00:00,110
594,E,2019-01-11 22:14:21.012000+00:00,110
595,G,2019-01-11 22:45:51.571000+00:00,110
596,I,2019-01-11 23:17:45.055000+00:00,110
597,J,2019-01-11 23:40:14.331000+00:00,110
598,K,2019-01-12 00:09:17.018000+00:00,110
599,M,2019-01-12 00:40:10.095000+00:00,110
600,O,2019-01-12 01:09:54.367000+00:00,110
601,A,2019-01-11 22:00:00+00:00,114
602,D,2019-01-11 22:29:11.640000+00:00,114
603,F,2019-01-11 22:54:37.091000+00:00,114
604,E,2019-01-11 23:23:33.534000+00:00,114
605,G,2019-01-11 23:54:20.729000+00:00,114
606,I,2019-01-12 00:21:38.962000+00:00,114
607,J,2019-01-12 00:53:32.948000+00:00,114
608,K,2019-01-12 01:17:31.161000+00:00,114
609,M,2019-01-12 01:48:48.903000+00:00,114
610,O,2019-01-12 02:17:28.862000+00:00,114
611,A,2019-01-12 07:20:00+00:00,142
612,D,2019-01-12 07:49:25.555000+00:00,142
613,F,2019-01-12 08:26:17.094000+00:00,142
614,E,2019-01-12 09:02:13.791000+00:00,142
615,G,2019-01-12 09:32:19.851000+00:00,142
616,I,2019-01-12 10:03:09.186000+00:00,142
617,J,2019-01-12 10:26:28.831000+00:00,142
618,K,2019-01-12 10:56:40.413000+00:00,142
619,M,2019-01-12 11:22:19.221000+00:00,142
620,O,2019-01-12 11:52:03.340000+00:00,142
621,A,2019-01-10 09:40:00+00:00,5
622,B,2019-01-10 10:05:45.030000+00:00,5
623,C,2019-01-10 10:32:29.444000+00:00,5
624,A,2019-01-10 10:58:40.340000+00:00,5
625,D,2019-01-10 11:31:32.065000+00:00,5
626,F,2019-01-10 12:03:26.997000+00:00,5
627,E,2019-01-10 12:33:46.350000+00:00,5
628,G,2019-01-10 13:04:27.872000+00:00,5
629,H,2019-01-10 13:35:31.483000+00:00,5
630,A,2019-01-10 14:40:00+00:00,20
631,B,2019-01-10 15:09:47.762000+00:00,20
632,C,2019-01-10 15:38:52.042000+00:00,20
633,A,2019-01-10 16:03:18.717000+00:00,20
634,D,2019-01-10 16:31:26.208000+00:00,20
635,F,2019-01-10 16:59:07.845000+00:00,20
636,E,2019-01-10 17:26:38.425000+00:00,20
637,G,2019-01-10 17:56:42.559000+00:00,20
638,H,2019-01-10 18:31:36.851000+00:00,20
639,A,2019-01-10 18:20:00+00:00,31
640,B,2019-01-10 18:43:48.366000+00:00,31
641,C,2019-01-10 19:19:24.427000+00:00,31
642,A,2019-01-10 19:51:25.372000+00:00,31
643,D,2019-01-10 20:18:56.528000+00:00,31
644,F,2019-01-10 20:48:42.021000+00:00,31
645,E,2019-01-10 21:22:04.613000+00:00,31
646,G,2019-01-10 21:47:36.757000+00:00,31
647,H,2019-01-10 22:17:46.021000+00:00,31
648,A,2019-01-10 21:20:00+00:00,40
649,B,2019-01-10 21:50:44.674000+00:00,40
650,C,2019-01-10 22:12:37.235000+00:00,40
651,A,2019-01-10 22:45:10.739000+00:00,40
652,D,2019-01-10 23:12:20.204000+00:00,40
653,F,2019-01-10 23:41:18.668000+00:00,40
654,E,2019-01-11 00:10:22+00:00,40
655,G,2019-01-11 00:37:16.684000+00:00,40
656,H,2019-01-11 01:05:53.053000+00:00,40
657,A,2019-01-10 22:20:00+00:00,43
658,B,2019-01-10 22:47:31.327000+00:00,43
659,C,2019-01-10 23:19:24.929000+00:00,43
660,A,2019-01-10 23:47:07.694000+00:00,43
661,D,2019-01-11 00:10:54.911000+00:00,43
662,F,2019-01-11 00:40:12.367000+00:00,43
663,E,2019-01-11 01:07:17.672000+00:00,43
664,G,2019-01-11 01:44:07.834000+00:00,43
665,H,2019-01-11 02:10:21.250000+00:00,43
666,A,2019-01-11 03:40:00+00:00,59
667,B,2019-01-11 04:05:49.892000+00:00,59
668,C,2019-01-11 04:37:20.841000+00:00,59
669,A,2019-01-11 05:10:07.325000+00:00,59
670,D,2019-01-11 05:36:38.198000+00:00,59
671,F,2019-01-11 06:09:29.798000+00:00,59
672,E,2019-01-11 06:41:52.914000+00:00,59
673,G,2019-01-11 07:10:33.657000+00:00,59
674,H,2019-01-11 07:37:54.452000+00:00,59
675,A,2019-01-11 06:40:00+00:00,68
676,B,2019-01-11 07:12:35.635000+00:00,68
677,C,2019-01-11 07:45:04.042000+00:00,68
678,A,2019-01-11 08:16:09.808000+00:00,68
679,D,2019-01-11 08:48:20.671000+00:00,68
680,F,2019-01-11 09:17:51.290000+00:00,68
681,E,2019-01-11 09:48:17.779000+00:00,68
682,G,2019-01-11 10:19:54.510000+00:00,68
683,H,2019-01-11 10:51:02.215000+00:00,68
684,A,2019-01-11 08:00:00+00:00,72
685,B,2019-01-11 08:30:46.906000+00:00,72
686,C,2019-01-11 09:04:52.616000+00:00,72
687,A,2019-01-11 09:33:50.110000+00:00,72
688,D,2019-01-11 09:58:44.922000+00:00,72
689,F,2019-01-11 10:31:33.337000+00:00,72
690,E,2019-01-11 11:01:16.441000+00:00,72
691,G,2019-01-11 11:31:07.415000+00:00,72
692,H,2019-01-11 12:01:15.355000+00:00,72
693,A,2019-01-11 10:40:00+00:00,80
694,B,2019-01-11 11:09:47.120000+00:00,80
695,C,2019-01-11 11:40:08.486000+00:00,80
696,A,2019-01-11 12:07:29.096000+00:00,80
697,D,2019-01-11 12:36:31.228000+00:00,80
698,F,2019-01-11 13:05:37.322000+00:00,80
699,E,2019-01-11 13:35:15.104000+00:00,80
700,G,2019-01-11 14:05:32.517000+00:00,80
701,H,2019-01-11 14:36:50.786000+00:00,80
702,A,2019-01-11 23:40:00+00:00,119
703,B,2019-01-12 00:12:18.228000+00:00,119
704,C,2019-01-12 00:45:49.729000+00:00,119
705,A,2019-01-12 01:16:58.137000+00:00,119
706,D,2019-01-12 01:50:58.584000+00:00,119
707,F,2019-01-12 02:23:41.642000+00:00,119
708,E,2019-01-12 02:56:53.573000+00:00,119
709,G,2019-01-12 03:23:10.315000+00:00,119
710,H,2019-01-12 03:53:53.836000+00:00,119
711,A,2019-01-12 01:40:00+00:00,125
712,B,2019-01-12 02:08:05.267000+00:00,125
713,C,2019-01-12 02:39:52.451000+00:00,125
714,A,2019-01-12 03:13:44.996000+00:00,125
715,D,2019-01-12 03:45:17.764000+00:00,125
716,F,2019-01-12 04:17:41.874000+00:00,125
717,E,2019-01-12 04:43:18.340000+00:00,125
718,G,2019-01-12 05:12:23.845000+00:00,125
719,H,2019-01-12 05:44:27.197000+00:00,125
720,A,2019-01-12 02:00:00+00:00,126
721,B,2019-01-12 02:26:56.047000+00:00,126
722,C,2019-01-12 02:53:45.787000+00:00,126
723,A,2019-01-12 03:14:44.746000+00:00,126
724,D,2019-01-12 03:44:31.244000+00:00,126
725,F,2019-01-12 04:08:40.924000+00:00,126
726,E,2019-01-12 04:37:09.938000+00:00,126
727,G,2019-01-12 05:06:21.150000+00:00,126
728,H,2019-01-12 05:34:36.821000+00:00,126
729,A,2019-01-12 03:00:00+00:00,129
730,B,2019-01-12 03:29:00.993000+00:00,129
731,C,2019-01-12 03:58:27.629000+00:00,129
732,A,2019-01-12 04:25:28.090000+00:00,129
733,D,2019-01-12 04:54:53.686000+00:00,129
734,F,2019-01-12 05:20:50.364000+00:00,129
735,E,2019-01-12 05:52:20.738000+00:00,129
736,G,2019-01-12 06:24:11.940000+00:00,129
737,H,2019-01-12 06:56:03.042000+00:00,129
738,A,2019-01-12 04:40:00+00:00,134
739,B,2019-01-12 05:08:47.210000+00:00,134
740,C,2019-01-12 05:36:46.760000+00:00,134
741,A,2019-01-12 06:06:35.051000+00:00,134
742,D,2019-01-12 06:36:46.819000+00:00,134
743,F,2019-01-12 07:09:11.878000+00:00,134
744,E,2019-01-12 07:34:55.127000+00:00,134
745,G,2019-01-12 08:06:37.173000+00:00,134
746,H,2019-01-12 08:41:35.975000+00:00,134
747,A,2019-01-12 09:40:00+00:00,149
748,B,2019-01-12 10:11:14.033000+00:00,149
749,C,2019-01-12 10:41:18.028000+00:00,149
750,A,2019-01-12 11:10:24.146000+00:00,149
751,D,2019-01-12 11:42:52.774000+00:00,149
752,F,2019-01-12 12:13:24.120000+00:00,149
753,E,2019-01-12 12:41:21.155000+00:00,149
754,G,2019-01-12 13:10:34.941000+00:00,149
755,H,2019-01-12 13:39:23.537000+00:00,149
756,A,2019-01-12 10:00:00+00:00,150
757,B,2019-01-12 10:34:10.894000+00:00,150
758,C,2019-01-12 11:02:26.847000+00:00,150
759,A,2019-01-12 11:34:50.785000+00:00,150
760,D,2019-01-12 12:05:07.433000+00:00,150
761,F,2019-01-12 12:31:25.581000+00:00,150
762,E,2019-01-12 12:58:28.758000+00:00,150
763,G,2019-01-12 13:29:04.756000+00:00,150
764,H,2019-01-12 13:56:45.908000+00:00,150
765,A,2019-01-12 15:40:00+00:00,167
766,B,2019-01-12 16:12:18.472000+00:00,167
767,C,2019-01-12 16:43:47.862000+00:00,167
768,A,2019-01-12 17:12:13.878000+00:00,167
769,D,2019-01-12 17:43:10.322000+00:00,167
770,F,2019-01-12 18:09:41.564000+00:00,167
771,E,2019-01-12 18:39:13.353000+00:00,167
772,G,2019-01-12 19:10:20.441000+00:00,167
773,H,2019-01-12 19:39:25.866000+00:00,167
774,A,2019-01-12 19:40:00+00:00,179
775,B,2019-01-12 20:04:59.645000+00:00,179
776,C,2019-01-12 20:32:02.025000+00:00,179
777,A,2019-01-12 20:59:12.746000+00:00,179
778,D,2019-01-12 21:29:03.325000+00:00,179
779,F,2019-01-12 21:53:14.608000+00:00,179
780,E,2019-01-12 22:26:40.512000+00:00,179
781,G,2019-01-12 22:55:42.192000+00:00,179
782,H,2019-01-12 23:27:07.924000+00:00,179
783,A,2019-01-12 20:00:00+00:00,180
784,B,2019-01-12 20:29:28.628000+00:00,180
785,C,2019-01-12 21:02:56.949000+00:00,180
786,A,2019-01-12 21:40:30.900000+00:00,180
787,D,2019-01-12 22:07:46.578000+00:00,180
788,F,2019-01-12 22:38:12.008000+00:00,180
789,E,2019-01-12 23:10:10.242000+00:00,180
790,G,2019-01-12 23:33:49.557000+00:00,180
791,H,2019-01-13 00:06:09.505000+00:00,180
792,A,2019-01-10 10:00:00+00:00,6
793,D,2019-01-10 10:28:38.636000+00:00,6
794,F,2019-01-10 10:58:16.040000+00:00,6
795,E,2019-01-10 11:28:45.569000+00:00,6
796,G,2019-01-10 11:58:36.250000+00:00,6
797,I,2019-01-10 12:34:42.266000+00:00,6
798,J,2019-01-10 13:08:33.783000+00:00,6
799,K,2019-01-10 13:44:37.814000+00:00,6
800,M,2019-01-10 14:12:36.655000+00:00,6
801,N,2019-01-10 14:48:04.506000+00:00,6
802,A,2019-01-10 12:40:00+00:00,14
803,D,2019-01-10 13:12:45.206000+00:00,14
804,F,2019-01-10 13:44:29.893000+00:00,14
805,E,2019-01-10 14:13:48.855000+00:00,14
806,G,2019-01-10 14:49:50.297000+00:00,14
807,I,2019-01-10 15:20:54.576000+00:00,14
808,J,2019-01-10 15:48:42.841000+00:00,14
809,K,2019-01-10 16:19:32.334000+00:00,14
810,M,2019-01-10 16:46:12.428000+00:00,14
811,N,2019-01-10 17:17:18.652000+00:00,14
812,A,2019-01-10 16:20:00+00:00,25
813,D,2019-01-10 16:47:53.049000+00:00,25
814,F,2019-01-10 17:16:44.703000+00:00,25
815,E,2019-01-10 17:43:00.747000+00:00,25
816,G,2019-01-10 18:08:57.967000+00:00,25
817,I,2019-01-10 18:36:44.824000+00:00,25
818,J,2019-01-10 19:10:37.555000+00:00,25
819,K,2019-01-10 19:42:37.342000+00:00,25
820,M,2019-01-10 20:14:14.432000+00:00,25
821,N,2019-01-10 20:42:52.077000+00:00,25
822,A,2019-01-11 02:00:00+00:00,54
823,D,2019-01-11 02:30:18.135000+00:00,54
824,F,2019-01-11 02:57:20.748000+00:00,54
825,E,2019-01-11 03:33:02.592000+00:00,54
826,G,2019-01-11 04:01:48.113000+00:00,54
827,I,2019-01-11 04:36:29.167000+00:00,54
828,J,2019-01-11 05:10:11.134000+00:00,54
829,K,2019-01-11 05:39:14.155000+00:00,54
830,M,2019-01-11 06:09:22.661000+00:00,54
831,N,2019-01-11 06:36:38.416000+00:00,54
832,A,2019-01-11 04:40:00+00:00,62
833,D,2019-01-11 05:10:34.445000+00:00,62
834,F,2019-01-11 05:40:31.352000+00:00,62
835,E,2019-01-11 06:11:12.585000+00:00,62
836,G,2019-01-11 06:40:07.995000+00:00,62
837,I,2019-01-11 07:11:31.392000+00:00,62
838,J,2019-01-11 07:43:47.266000+00:00,62
839,K,2019-01-11 08:08:10.309000+00:00,62
840,M,2019-01-11 08:41:12.846000+00:00,62
841,N,2019-01-11 09:10:31.954000+00:00,62
842,A,2019-01-11 18:20:00+00:00,103
843,D,2019-01-11 18:50:13.110000+00:00,103
844,F,2019-01-11 19:20:45.488000+00:00,103
845,E,2019-01-11 19:48:29.866000+00:00,103
846,G,2019-01-11 20:15:46.181000+00:00,103
847,I,2019-01-11 20:49:03.842000+00:00,103
848,J,2019-01-11 21:20:33.854000+00:00,103
849,K,2019-01-11 21:51:45.189000+00:00,103
850,M,2019-01-11 22:20:45.359000+00:00,103
851,N,2019-01-11 22:54:12.424000+00:00,103
852,A,2019-01-11 20:20:00+00:00,109
853,D,2019-01-11 20:44:57.866000+00:00,109
854,F,2019-01-11 21:13:41.999000+00:00,109
855,E,2019-01-11 21:45:17.715000+00:00,109
856,G,2019-01-11 22:13:29.812000+00:00,109
857,I,2019-01-11 22:42:39.903000+00:00,109
858,J,2019-01-11 23:10:57.744000+00:00,109
859,K,2019-01-11 23:42:02.406000+00:00,109
860,M,2019-01-12 00:10:11.015000+00:00,109
861,N,2019-01-12 00:41:50.672000+00:00,109
862,A,2019-01-12 06:20:00+00:00,139
863,D,2019-01-12 06:49:41.872000+00:00,139
864,F,2019-01-12 07:22:18.920000+00:00,139
865,E,2019-01-12 07:54:45.055000+00:00,139
866,G,2019-01-12 08:22:14.043000+00:00,139
867,I,2019-01-12 08:49:02.889000+00:00,139
868,J,2019-01-12 09:19:55.823000+00:00,139
869,K,2019-01-12 09:51:11.043000+00:00,139
870,M,2019-01-12 10:21:54.513000+00:00,139
871,N,2019-01-12 10:48:14.334000+00:00,139
872,A,2019-01-12 09:20:00+00:00,148
873,D,2019-01-12 09:48:25.703000+00:00,148
874,F,2019-01-12 10:16:11.187000+00:00,148
875,E,2019-01-12 10:46:45.165000+00:00,148
876,G,2019-01-12 11:16:56.242000+00:00,148
877,I,2019-01-12 11:45:31.732000+00:00,148
878,J,2019-01-12 12:19:50.091000+00:00,148
879,K,2019-01-12 12:50:57.336000+00:00,148
880,M,2019-01-12 13:20:48.569000+00:00,148
881,N,2019-01-12 13:53:45.634000+00:00,148
882,A,2019-01-12 12:20:00+00:00,157
883,D,2019-01-12 12:47:30.491000+00:00,157
884,F,2019-01-12 13:17:30.940000+00:00,157
885,E,2019-01-12 13:48:35+00:00,157
886,G,2019-01-12 14:18:17.082000+00:00,157
887,I,2019-01-12 14:49:47.184000+00:00,157
888,J,2019-01-12 15:18:29.727000+00:00,157
889,K,2019-01-12 15:50:22.306000+00:00,157
890,M,2019-01-12 16:19:13.947000+00:00,157
891,N,2019-01-12 16:51:11.118000+00:00,157
892,A,2019-01-10 10:20:00+00:00,7
893,B,2019-01-10 10:48:10.152000+00:00,7
894,C,2019-01-10 11:18:35.863000+00:00,7
895,A,2019-01-10 11:47:45.676000+00:00,7
896,B,2019-01-10 12:17:10.561000+00:00,7
897,C,2019-01-10 12:47:58.920000+00:00,7
898,A,2019-01-10 13:15:08.608000+00:00,7
899,B,2019-01-10 13:42:49.939000+00:00,7
900,C,2019-01-10 14:11:03.985000+00:00,7
901,A,2019-01-10 14:42:35.288000+00:00,7
902,D,2019-01-10 15:08:18.878000+00:00,7
903,F,2019-01-10 15:44:27.176000+00:00,7
904,E,2019-01-10 16:11:40.887000+00:00,7
905,G,2019-01-10 16:41:40.566000+00:00,7
906,H,2019-01-10 17:09:08.930000+00:00,7
907,A,2019-01-11 13:00:00+00:00,87
908,B,2019-01-11 13:27:21.137000+00:00,87
909,C,2019-01-11 13:56:08.738000+00:00,87
910,A,2019-01-11 14:27:17.318000+00:00,87
911,B,2019-01-11 14:59:04.306000+00:00,87
912,C,2019-01-11 15:25:33.693000+00:00,87
913,A,2019-01-11 15:54:13.555000+00:00,87
914,B,2019-01-11 16:20:09.228000+00:00,87
915,C,2019-01-11 16:42:26.164000+00:00,87
916,A,2019-01-11 17:10:43.613000+00:00,87
917,D,2019-01-11 17:43:19.682000+00:00,87
918,F,2019-01-11 18:14:18.109000+00:00,87
919,E,2019-01-11 18:44:17.861000+00:00,87
920,G,2019-01-11 19:09:40.325000+00:00,87
921,H,2019-01-11 19:41:07.812000+00:00,87
922,A,2019-01-12 17:40:00+00:00,173
923,B,2019-01-12 18:08:22.469000+00:00,173
924,C,2019-01-12 18:41:47.855000+00:00,173
925,A,2019-01-12 19:19:08.872000+00:00,173
926,B,2019-01-12 19:45:48.081000+00:00,173
927,C,2019-01-12 20:13:37.046000+00:00,173
928,A,2019-01-12 20:45:10.066000+00:00,173
929,B,2019-01-12 21:14:42.634000+00:00,173
930,C,2019-01-12 21:42:28.654000+00:00,173
931,A,2019-01-12 22:11:09.965000+00:00,173
932,D,2019-01-12 22:40:58.971000+00:00,173
933,F,2019-01-12 23:11:55.705000+00:00,173
934,E,2019-01-12 23:45:07.201000+00:00,173
935,G,2019-01-13 00:13:00.072000+00:00,173
936,H,2019-01-13 00:36:11.973000+00:00,173
937,A,2019-01-13 03:00:00+00:00,201
938,B,2019-01-13 03:32:30.105000+00:00,201
939,C,2019-01-13 03:58:19.344000+00:00,201
940,A,2019-01-13 04:28:36.454000+00:00,201
941,B,2019-01-13 04:59:49.382000+00:00,201
942,C,2019-01-13 05:29:15.825000+00:00,201
943,A,2019-01-13 06:00:51.734000+00:00,201
944,B,2019-01-13 06:32:47.122000+00:00,201
945,C,2019-01-13 07:01:48.001000+00:00,201
946,A,2019-01-13 07:26:55.045000+00:00,201
947,D,2019-01-13 07:57:14.250000+00:00,201
948,F,2019-01-13 08:26:22.694000+00:00,201
949,E,2019-01-13 09:02:05.329000+00:00,201
950,G,2019-01-13 09:33:19.951000+00:00,201
951,H,2019-01-13 10:05:39.229000+00:00,201
952,A,2019-01-13 08:20:00+00:00,217
953,B,2019-01-13 08:48:17.299000+00:00,217
954,C,2019-01-13 09:19:21.182000+00:00,217
955,A,2019-01-13 09:47:57.518000+00:00,217
956,B,2019-01-13 10:16:21.322000+00:00,217
957,C,2019-01-13 10:44:15.433000+00:00,217
958,A,2019-01-13 11:18:41.286000+00:00,217
959,B,2019-01-13 11:48:25.568000+00:00,217
960,C,2019-01-13 12:16:47.759000+00:00,217
961,A,2019-01-13 12:49:03.605000+00:00,217
962,D,2019-01-13 13:16:58.152000+00:00,217
963,F,2019-01-13 13:46:13.317000+00:00,217
964,E,2019-01-13 14:16:18.214000+00:00,217
965,G,2019-01-13 14:50:30.268000+00:00,217
966,H,2019-01-13 15:19:18.184000+00:00,217
967,A,2019-01-10 11:00:00+00:00,9
968,D,2019-01-10 11:33:03.405000+00:00,9
969,F,2019-01-10 12:05:36.337000+00:00,9
970,E,2019-01-10 12:34:42.979000+00:00,9
971,G,2019-01-10 13:10:23.849000+00:00,9
972,I,2019-01-10 13:39:49.264000+00:00,9
973,J,2019-01-10 14:09:15.495000+00:00,9
974,L,2019-01-10 14:41:01.339000+00:00,9
975,M,2019-01-10 15:07:10.428000+00:00,9
976,O,2019-01-10 15:34:58.512000+00:00,9
977,A,2019-01-10 11:40:00+00:00,11
978,D,2019-01-10 12:07:01.569000+00:00,11
979,F,2019-01-10 12:33:40.209000+00:00,11
980,E,2019-01-10 13:02:29.528000+00:00,11
981,G,2019-01-10 13:30:56.882000+00:00,11
982,I,2019-01-10 14:01:07.792000+00:00,11
983,J,2019-01-10 14:25:42.392000+00:00,11
984,L,2019-01-10 14:56:14.446000+00:00,11
985,M,2019-01-10 15:28:06.449000+00:00,11
986,O,2019-01-10 16:02:31.568000+00:00,11
987,A,2019-01-10 13:20:00+00:00,16
988,D,2019-01-10 13:49:34.485000+00:00,16
989,F,2019-01-10 14:13:56.282000+00:00,16
990,E,2019-01-10 14:37:58.376000+00:00,16
991,G,2019-01-10 15:00:27.702000+00:00,16
992,I,2019-01-10 15:31:43.470000+00:00,16
993,J,2019-01-10 16:01:57.563000+00:00,16
994,L,2019-01-10 16:34:30.077000+00:00,16
995,M,2019-01-10 17:09:16.654000+00:00,16
996,O,2019-01-10 17:41:11.580000+00:00,16
997,A,2019-01-11 01:40:00+00:00,53
998,D,2019-01-11 02:10:57.568000+00:00,53
999,F,2019-01-11 02:43:27.740000+00:00,53
1000,E,2019-01-11 03:15:30.764000+00:00,53
1001,G,2019-01-11 03:42:43.276000+00:00,53
1002,I,2019-01-11 04:12:41.358000+00:00,53
1003,J,2019-01-11 04:44:32.258000+00:00,53
1004,L,2019-01-11 05:09:44.214000+00:00,53
1005,M,2019-01-11 05:39:53.600000+00:00,53
1006,O,2019-01-11 06:11:36.144000+00:00,53
1007,A,2019-01-11 02:20:00+00:00,55
1008,D,2019-01-11 02:48:41.561000+00:00,55
1009,F,2019-01-11 03:18:42.107000+00:00,55
1010,E,2019-01-11 03:47:07.836000+00:00,55
1011,G,2019-01-11 04:17:57.465000+00:00,55
1012,I,2019-01-11 04:42:08.247000+00:00,55
1013,J,2019-01-11 05:10:41.775000+00:00,55
1014,L,2019-01-11 05:38:32.388000+00:00,55
1015,M,2019-01-11 06:07:16.027000+00:00,55
1016,O,2019-01-11 06:37:00.484000+00:00,55
1017,A,2019-01-11 02:40:00+00:00,56
1018,D,2019-01-11 03:10:54.331000+00:00,56
1019,F,2019-01-11 03:40:53.205000+00:00,56
1020,E,2019-01-11 04:11:03.754000+00:00,56
1021,G,2019-01-11 04:41:33.201000+00:00,56
1022,I,2019-01-11 05:09:48.050000+00:00,56
1023,J,2019-01-11 05:38:40.913000+00:00,56
1024,L,2019-01-11 06:10:46.027000+00:00,56
1025,M,2019-01-11 06:35:47.654000+00:00,56
1026,O,2019-01-11 07:08:45.603000+00:00,56
1027,A,2019-01-11 05:20:00+00:00,64
1028,D,2019-01-11 05:52:22.250000+00:00,64
1029,F,2019-01-11 06:14:31.884000+00:00,64
1030,E,2019-01-11 06:41:01.222000+00:00,64
1031,G,2019-01-11 07:07:32.796000+00:00,64
1032,I,2019-01-11 07:39:21.719000+00:00,64
1033,J,2019-01-11 08:09:21.744000+00:00,64
1034,L,2019-01-11 08:41:40.886000+00:00,64
1035,M,2019-01-11 09:11:19.945000+00:00,64
1036,O,2019-01-11 09:42:22.063000+00:00,64
1037,A,2019-01-11 06:00:00+00:00,66
1038,D,2019-01-11 06:31:12.711000+00:00,66
1039,F,2019-01-11 07:02:56.343000+00:00,66
1040,E,2019-01-11 07:33:10.506000+00:00,66
1041,G,2019-01-11 08:08:53.941000+00:00,66
1042,I,2019-01-11 08:44:55.443000+00:00,66
1043,J,2019-01-11 09:13:15.784000+00:00,66
1044,L,2019-01-11 09:41:06.129000+00:00,66
1045,M,2019-01-11 10:10:11.557000+00:00,66
1046,O,2019-01-11 10:39:46.598000+00:00,66
1047,A,2019-01-11 08:20:00+00:00,73
1048,D,2019-01-11 08:51:41.598000+00:00,73
1049,F,2019-01-11 09:22:21.836000+00:00,73
1050,E,2019-01-11 09:53:35.018000+00:00,73
1051,G,2019-01-11 10:25:04.502000+00:00,73
1052,I,2019-01-11 10:55:33.921000+00:00,73
1053,J,2019-01-11 11:21:30.022000+00:00,73
1054,L,2019-01-11 11:44:28.399000+00:00,73
1055,M,2019-01-11 12:09:59.042000+00:00,73
1056,O,2019-01-11 12:41:53.870000+00:00,73
1057,A,2019-01-11 19:20:00+00:00,106
1058,D,2019-01-11 19:45:24.047000+00:00,106
1059,F,2019-01-11 20:12:07.165000+00:00,106
1060,E,2019-01-11 20:43:42.353000+00:00,106
1061,G,2019-01-11 21:11:49.343000+00:00,106
1062,I,2019-01-11 21:41:52.188000+00:00,106
1063,J,2019-01-11 22:17:07.934000+00:00,106
1064,L,2019-01-11 22:42:25.325000+00:00,106
1065,M,2019-01-11 23:06:40.223000+00:00,106
1066,O,2019-01-11 23:36:21.233000+00:00,106
1067,A,2019-01-12 03:40:00+00:00,131
1068,D,2019-01-12 04:12:04.729000+00:00,131
1069,F,2019-01-12 04:42:19.893000+00:00,131
1070,E,2019-01-12 05:11:21.938000+00:00,131
1071,G,2019-01-12 05:41:34.276000+00:00,131
1072,I,2019-01-12 06:15:21.100000+00:00,131
1073,J,2019-01-12 06:43:36.352000+00:00,131
1074,L,2019-01-12 07:12:58.852000+00:00,131
1075,M,2019-01-12 07:50:06.548000+00:00,131
1076,O,2019-01-12 08:22:37.534000+00:00,131
1077,A,2019-01-10 12:20:00+00:00,13
1078,D,2019-01-10 12:48:08.671000+00:00,13
1079,F,2019-01-10 13:18:33.734000+00:00,13
1080,E,2019-01-10 13:49:42.190000+00:00,13
1081,G,2019-01-10 14:20:30.576000+00:00,13
1082,I,2019-01-10 14:50:03.308000+00:00,13
1083,J,2019-01-10 15:18:58.959000+00:00,13
1084,L,2019-01-10 15:48:38.124000+00:00,13
1085,M,2019-01-10 16:20:59.513000+00:00,13
1086,N,2019-01-10 16:50:53.492000+00:00,13
1087,A,2019-01-10 18:40:00+00:00,32
1088,D,2019-01-10 19:05:22.585000+00:00,32
1089,F,2019-01-10 19:40:58.736000+00:00,32
1090,E,2019-01-10 20:05:31.088000+00:00,32
1091,G,2019-01-10 20:31:46.108000+00:00,32
1092,I,2019-01-10 21:03:14.146000+00:00,32
1093,J,2019-01-10 21:39:01.371000+00:00,32
1094,L,2019-01-10 22:09:39.304000+00:00,32
1095,M,2019-01-10 22:41:08.363000+00:00,32
1096,N,2019-01-10 23:08:16.553000+00:00,32
1097,A,2019-01-10 19:00:00+00:00,33
1098,D,2019-01-10 19:30:19.203000+00:00,33
1099,F,2019-01-10 20:00:57.538000+00:00,33
1100,E,2019-01-10 20:26:41.433000+00:00,33
1101,G,2019-01-10 20:54:41.627000+00:00,33
1102,I,2019-01-10 21:23:48.145000+00:00,33
1103,J,2019-01-10 21:54:10.632000+00:00,33
1104,L,2019-01-10 22:23:50.922000+00:00,33
1105,M,2019-01-10 22:49:15.813000+00:00,33
1106,N,2019-01-10 23:19:11.809000+00:00,33
1107,A,2019-01-10 19:20:00+00:00,34
1108,D,2019-01-10 19:49:41.146000+00:00,34
1109,F,2019-01-10 20:23:31.569000+00:00,34
1110,E,2019-01-10 20:59:21.597000+00:00,34
1111,G,2019-01-10 21:36:07.089000+00:00,34
1112,I,2019-01-10 22:04:40.629000+00:00,34
1113,J,2019-01-10 22:32:03.072000+00:00,34
1114,L,2019-01-10 23:03:10.035000+00:00,34
1115,M,2019-01-10 23:26:39.816000+00:00,34
1116,N,2019-01-10 23:54:59.322000+00:00,34
1117,A,2019-01-11 23:00:00+00:00,117
1118,D,2019-01-11 23:33:15.378000+00:00,117
1119,F,2019-01-12 00:02:08.052000+00:00,117
1120,E,2019-01-12 00:29:26.426000+00:00,117
1121,G,2019-01-12 00:58:03.279000+00:00,117
1122,I,2019-01-12 01:29:17.296000+00:00,117
1123,J,2019-01-12 01:53:53.840000+00:00,117
1124,L,2019-01-12 02:23:31.973000+00:00,117
1125,M,2019-01-12 02:49:04.901000+00:00,117
1126,N,2019-01-12 03:19:13.006000+00:00,117
1127,A,2019-01-11 23:20:00+00:00,118
1128,D,2019-01-11 23:49:56.822000+00:00,118
1129,F,2019-01-12 00:21:50.295000+00:00,118
1130,E,2019-01-12 00:49:16.228000+00:00,118
1131,G,2019-01-12 01:23:42.568000+00:00,118
1132,I,2019-01-12 01:59:35.675000+00:00,118
1133,J,2019-01-12 02:35:13.244000+00:00,118
1134,L,2019-01-12 03:08:04.557000+00:00,118
1135,M,2019-01-12 03:41:27.988000+00:00,118
1136,N,2019-01-12 04:10:05.256000+00:00,118
1137,A,2019-01-12 04:00:00+00:00,132
1138,D,2019-01-12 04:30:34.241000+00:00,132
1139,F,2019-01-12 05:04:24.738000+00:00,132
1140,E,2019-01-12 05:31:40.610000+00:00,132
1141,G,2019-01-12 05:59:11.945000+00:00,132
1142,I,2019-01-12 06:28:43.368000+00:00,132
1143,J,2019-01-12 06:53:12.401000+00:00,132
1144,L,2019-01-12 07:21:39.321000+00:00,132
1145,M,2019-01-12 07:47:26.162000+00:00,132
1146,N,2019-01-12 08:20:39.779000+00:00,132
1147,A,2019-01-12 09:00:00+00:00,147
1148,D,2019-01-12 09:28:50.746000+00:00,147
1149,F,2019-01-12 10:03:10.808000+00:00,147
1150,E,2019-01-12 10:33:19.216000+00:00,147
1151,G,2019-01-12 11:02:32.772000+00:00,147
1152,I,2019-01-12 11:32:13.759000+00:00,147
1153,J,2019-01-12 12:04:48.122000+00:00,147
1154,L,2019-01-12 12:37:48.313000+00:00,147
1155,M,2019-01-12 13:03:50.655000+00:00,147
1156,N,2019-01-12 13:34:41.155000+00:00,147
1157,A,2019-01-12 11:00:00+00:00,153
1158,D,2019-01-12 11:29:14.817000+00:00,153
1159,F,2019-01-12 12:02:22.496000+00:00,153
1160,E,2019-01-12 12:35:17.899000+00:00,153
1161,G,2019-01-12 13:02:26.850000+00:00,153
1162,I,2019-01-12 13:33:52.376000+00:00,153
1163,J,2019-01-12 13:57:04.187000+00:00,153
1164,L,2019-01-12 14:28:09.628000+00:00,153
1165,M,2019-01-12 14:55:46.048000+00:00,153
1166,N,2019-01-12 15:24:22.552000+00:00,153
1167,A,2019-01-12 14:40:00+00:00,164
1168,D,2019-01-12 15:13:14.298000+00:00,164
1169,F,2019-01-12 15:44:46.158000+00:00,164
1170,E,2019-01-12 16:14:16.448000+00:00,164
1171,G,2019-01-12 16:40:42.327000+00:00,164
1172,I,2019-01-12 17:14:08.785000+00:00,164
1173,J,2019-01-12 17:43:38.775000+00:00,164
1174,L,2019-01-12 18:17:32.201000+00:00,164
1175,M,2019-01-12 18:48:51.395000+00:00,164
1176,N,2019-01-12 19:23:19.037000+00:00,164
1177,A,2019-01-12 17:00:00+00:00,171
1178,D,2019-01-12 17:27:29.004000+00:00,171
1179,F,2019-01-12 17:56:28.597000+00:00,171
1180,E,2019-01-12 18:27:51.954000+00:00,171
1181,G,2019-01-12 18:55:54.070000+00:00,171
1182,I,2019-01-12 19:26:29.912000+00:00,171
1183,J,2019-01-12 20:00:35.590000+00:00,171
1184,L,2019-01-12 20:31:27.385000+00:00,171
1185,M,2019-01-12 21:04:56.463000+00:00,171
1186,N,2019-01-12 21:31:37.970000+00:00,171
1187,A,2019-01-12 18:40:00+00:00,176
1188,D,2019-01-12 19:04:26.493000+00:00,176
1189,F,2019-01-12 19:37:26.093000+00:00,176
1190,E,2019-01-12 20:01:22.296000+00:00,176
1191,G,2019-01-12 20:33:45.159000+00:00,176
1192,I,2019-01-12 21:04:13.675000+00:00,176
1193,J,2019-01-12 21:36:25.688000+00:00,176
1194,L,2019-01-12 22:01:09.619000+00:00,176
1195,M,2019-01-12 22:31:43.481000+00:00,176
1196,N,2019-01-12 23:03:43.317000+00:00,176
1197,A,2019-01-10 17:20:00+00:00,28
1198,B,2019-01-10 17:48:59.482000+00:00,28
1199,C,2019-01-10 18:18:42.269000+00:00,28
1200,A,2019-01-10 18:49:26.893000+00:00,28
1201,B,2019-01-10 19:22:06.810000+00:00,28
1202,C,2019-01-10 19:58:54.807000+00:00,28
1203,A,2019-01-10 20:29:49.450000+00:00,28
1204,B,2019-01-10 20:59:26.096000+00:00,28
1205,C,2019-01-10 21:32:03.344000+00:00,28
1206,A,2019-01-10 22:05:20.823000+00:00,28
1207,B,2019-01-10 22:33:23.070000+00:00,28
1208,C,2019-01-10 23:02:52.075000+00:00,28
1209,A,2019-01-10 23:33:41.771000+00:00,28
1210,B,2019-01-11 00:06:14.071000+00:00,28
1211,C,2019-01-11 00:34:39.208000+00:00,28
1212,A,2019-01-11 01:07:41.148000+00:00,28
1213,B,2019-01-11 01:44:12.791000+00:00,28
1214,C,2019-01-11 02:15:47.789000+00:00,28
1215,A,2019-01-11 02:51:15.229000+00:00,28
1216,B,2019-01-11 03:25:08.949000+00:00,28
1217,C,2019-01-11 03:56:54.619000+00:00,28
1218,A,2019-01-11 04:27:45.650000+00:00,28
1219,B,2019-01-11 04:59:09.373000+00:00,28
1220,C,2019-01-11 05:25:53.297000+00:00,28
1221,A,2019-01-11 05:58:45.454000+00:00,28
1222,B,2019-01-11 06:26:32.743000+00:00,28
1223,C,2019-01-11 06:50:32.537000+00:00,28
1224,A,2019-01-11 07:20:53.763000+00:00,28
1225,B,2019-01-11 07:48:29.235000+00:00,28
1226,C,2019-01-11 08:18:15.384000+00:00,28
1227,A,2019-01-11 08:47:26.280000+00:00,28
1228,B,2019-01-11 09:16:16.239000+00:00,28
1229,C,2019-01-11 09:53:21.723000+00:00,28
1230,A,2019-01-11 10:22:50.068000+00:00,28
1231,B,2019-01-11 10:51:29.661000+00:00,28
1232,C,2019-01-11 11:23:12.135000+00:00,28
1233,A,2019-01-11 11:56:29.836000+00:00,28
1234,D,2019-01-11 12:22:09.327000+00:00,28
1235,F,2019-01-11 12:49:49.312000+00:00,28
1236,E,2019-01-11 13:19:58.102000+00:00,28
1237,G,2019-01-11 13:49:48.847000+00:00,28
1238,I,2019-01-11 14:21:02.248000+00:00,28
1239,J,2019-01-11 14:53:21.539000+00:00,28
1240,L,2019-01-11 15:23:55.050000+00:00,28
1241,M,2019-01-11 15:57:09.809000+00:00,28
1242,O,2019-01-11 16:33:34.121000+00:00,28
1243,A,2019-01-10 18:00:00+00:00,30
1244,B,2019-01-10 18:35:09.131000+00:00,30
1245,C,2019-01-10 19:05:17.316000+00:00,30
1246,A,2019-01-10 19:33:27.129000+00:00,30
1247,B,2019-01-10 20:02:20.578000+00:00,30
1248,C,2019-01-10 20:27:31.759000+00:00,30
1249,A,2019-01-10 20:54:30.809000+00:00,30
1250,B,2019-01-10 21:23:31.257000+00:00,30
1251,C,2019-01-10 21:54:25.787000+00:00,30
1252,A,2019-01-10 22:18:31.813000+00:00,30
1253,D,2019-01-10 22:53:57.724000+00:00,30
1254,F,2019-01-10 23:19:51.249000+00:00,30
1255,E,2019-01-10 23:47:09.491000+00:00,30
1256,G,2019-01-11 00:12:53.428000+00:00,30
1257,I,2019-01-11 00:44:41.389000+00:00,30
1258,J,2019-01-11 01:16:16.803000+00:00,30
1259,K,2019-01-11 01:45:08.327000+00:00,30
1260,M,2019-01-11 02:19:07.931000+00:00,30
1261,O,2019-01-11 02:50:44.112000+00:00,30
1262,A,2019-01-10 20:20:00+00:00,37
1263,B,2019-01-10 20:43:49.180000+00:00,37
1264,C,2019-01-10 21:14:41.503000+00:00,37
1265,A,2019-01-10 21:49:21.695000+00:00,37
1266,B,2019-01-10 22:12:41.458000+00:00,37
1267,C,2019-01-10 22:41:00.514000+00:00,37
1268,A,2019-01-10 23:11:16.846000+00:00,37
1269,B,2019-01-10 23:41:58.856000+00:00,37
1270,C,2019-01-11 00:11:29.148000+00:00,37
1271,A,2019-01-11 00:38:19.700000+00:00,37
1272,B,2019-01-11 01:05:36.372000+00:00,37
1273,C,2019-01-11 01:38:31.146000+00:00,37
1274,A,2019-01-11 02:05:03.020000+00:00,37
1275,B,2019-01-11 02:31:10.505000+00:00,37
1276,C,2019-01-11 02:57:43.983000+00:00,37
1277,A,2019-01-11 03:25:13.546000+00:00,37
1278,B,2019-01-11 03:50:43.615000+00:00,37
1279,C,2019-01-11 04:19:22.183000+00:00,37
1280,A,2019-01-11 04:45:35.915000+00:00,37
1281,D,2019-01-11 05:15:15.032000+00:00,37
1282,F,2019-01-11 05:47:38.766000+00:00,37
1283,E,2019-01-11 06:15:34.663000+00:00,37
1284,G,2019-01-11 06:41:57.901000+00:00,37
1285,H,2019-01-11 07:09:29.350000+00:00,37
1286,A,2019-01-10 21:40:00+00:00,41
1287,B,2019-01-10 22:11:51.833000+00:00,41
1288,C,2019-01-10 22:43:45.870000+00:00,41
1289,A,2019-01-10 23:10:03.022000+00:00,41
1290,D,2019-01-10 23:37:15.210000+00:00,41
1291,F,2019-01-11 00:04:16.030000+00:00,41
1292,E,2019-01-11 00:35:42.215000+00:00,41
1293,G,2019-01-11 01:04:59.257000+00:00,41
1294,I,2019-01-11 01:36:09.263000+00:00,41
1295,J,2019-01-11 02:07:48.609000+00:00,41
1296,L,2019-01-11 02:38:55.294000+00:00,41
1297,M,2019-01-11 03:02:29.910000+00:00,41
1298,O,2019-01-11 03:34:46.449000+00:00,41
1299,A,2019-01-10 22:40:00+00:00,44
1300,B,2019-01-10 23:12:44.964000+00:00,44
1301,C,2019-01-10 23:41:29.820000+00:00,44
1302,A,2019-01-11 00:11:43.169000+00:00,44
1303,D,2019-01-11 00:47:10.943000+00:00,44
1304,F,2019-01-11 01:17:15.484000+00:00,44
1305,E,2019-01-11 01:51:47.075000+00:00,44
1306,G,2019-01-11 02:20:07.051000+00:00,44
1307,I,2019-01-11 02:54:18.305000+00:00,44
1308,J,2019-01-11 03:26:37.120000+00:00,44
1309,L,2019-01-11 03:54:37.338000+00:00,44
1310,M,2019-01-11 04:23:00.939000+00:00,44
1311,O,2019-01-11 04:52:18.821000+00:00,44
1312,A,2019-01-11 09:20:00+00:00,76
1313,B,2019-01-11 09:45:52.505000+00:00,76
1314,C,2019-01-11 10:07:36.223000+00:00,76
1315,A,2019-01-11 10:36:11.760000+00:00,76
1316,D,2019-01-11 11:06:51.703000+00:00,76
1317,F,2019-01-11 11:31:26.447000+00:00,76
1318,E,2019-01-11 11:57:45.696000+00:00,76
1319,G,2019-01-11 12:25:46.101000+00:00,76
1320,I,2019-01-11 13:00:08.518000+00:00,76
1321,J,2019-01-11 13:29:22.578000+00:00,76
1322,L,2019-01-11 14:03:26.200000+00:00,76
1323,M,2019-01-11 14:34:44.343000+00:00,76
1324,O,2019-01-11 15:06:57.339000+00:00,76
1325,A,2019-01-11 16:20:00+00:00,97
1326,B,2019-01-11 16:48:54.400000+00:00,97
1327,C,2019-01-11 17:20:23.477000+00:00,97
1328,A,2019-01-11 17:49:41.455000+00:00,97
1329,D,2019-01-11 18:18:01.457000+00:00,97
1330,F,2019-01-11 18:49:13.471000+00:00,97
1331,E,2019-01-11 19:19:43.365000+00:00,97
1332,G,2019-01-11 19:51:12.558000+00:00,97
1333,I,2019-01-11 20:19:01.618000+00:00,97
1334,J,2019-01-11 20:49:23.262000+00:00,97
1335,L,2019-01-11 21:13:45.124000+00:00,97
1336,M,2019-01-11 21:48:29.198000+00:00,97
1337,O,2019-01-11 22:19:26.072000+00:00,97
1338,A,2019-01-12 16:00:00+00:00,168
1339,B,2019-01-12 16:32:59.635000+00:00,168
1340,C,2019-01-12 17:00:47.682000+00:00,168
1341,A,2019-01-12 17:30:24.526000+00:00,168
1342,D,2019-01-12 18:05:28.186000+00:00,168
1343,F,2019-01-12 18:38:00.315000+00:00,168
1344,E,2019-01-12 19:08:31.046000+00:00,168
1345,G,2019-01-12 19:39:46.529000+00:00,168
1346,I,2019-01-12 20:10:35.570000+00:00,168
1347,J,2019-01-12 20:38:40.575000+00:00,168
1348,L,2019-01-12 21:08:43.010000+00:00,168
1349,M,2019-01-12 21:37:24.748000+00:00,168
1350,O,2019-01-12 22:03:53.068000+00:00,168
1351,A,2019-01-10 22:00:00+00:00,42
1352,B,2019-01-10 22:31:08.962000+00:00,42
1353,C,2019-01-10 22:58:52.995000+00:00,42
1354,A,2019-01-10 23:32:01.890000+00:00,42
1355,B,2019-01-11 00:01:04.344000+00:00,42
1356,C,2019-01-11 00:25:10.511000+00:00,42
1357,A,2019-01-11 00:57:42.603000+00:00,42
1358,B,2019-01-11 01:30:06.745000+00:00,42
1359,C,2019-01-11 01:54:13.792000+00:00,42
1360,A,2019-01-11 02:23:30.406000+00:00,42
1361,B,2019-01-11 02:55:09.098000+00:00,42
1362,C,2019-01-11 03:23:24.726000+00:00,42
1363,A,2019-01-11 03:55:44.422000+00:00,42
1364,D,2019-01-11 04:30:55.197000+00:00,42
1365,F,2019-01-11 05:01:22.453000+00:00,42
1366,E,2019-01-11 05:33:16.795000+00:00,42
1367,G,2019-01-11 05:58:36.830000+00:00,42
1368,I,2019-01-11 06:27:40.439000+00:00,42
1369,J,2019-01-11 06:57:51.065000+00:00,42
1370,K,2019-01-11 07:29:33.169000+00:00,42
1371,M,2019-01-11 07:57:56.419000+00:00,42
1372,O,2019-01-11 08:27:30.561000+00:00,42
1373,A,2019-01-10 23:40:00+00:00,47
1374,B,2019-01-11 00:11:54.013000+00:00,47
1375,C,2019-01-11 00:45:23.243000+00:00,47
1376,A,2019-01-11 01:16:56.506000+00:00,47
1377,D,2019-01-11 01:47:15.715000+00:00,47
1378,F,2019-01-11 02:15:39.870000+00:00,47
1379,A,2019-01-11 01:20:00+00:00,52
1380,B,2019-01-11 01:47:52.441000+00:00,52
1381,C,2019-01-11 02:25:01.964000+00:00,52
1382,A,2019-01-11 02:51:36.494000+00:00,52
1383,B,2019-01-11 03:25:14.278000+00:00,52
1384,C,2019-01-11 03:55:10.663000+00:00,52
1385,A,2019-01-11 04:22:31.020000+00:00,52
1386,D,2019-01-11 04:56:46.702000+00:00,52
1387,F,2019-01-11 05:29:38.430000+00:00,52
1388,E,2019-01-11 05:54:46.032000+00:00,52
1389,G,2019-01-11 06:22:46.179000+00:00,52
1390,I,2019-01-11 06:54:49.892000+00:00,52
1391,J,2019-01-11 07:21:30.505000+00:00,52
1392,L,2019-01-11 07:51:10.536000+00:00,52
1393,M,2019-01-11 08:20:15.665000+00:00,52
1394,N,2019-01-11 08:49:06.977000+00:00,52
1395,A,2019-01-11 03:00:00+00:00,57
1396,B,2019-01-11 03:29:25.712000+00:00,57
1397,C,2019-01-11 04:02:16.857000+00:00,57
1398,A,2019-01-11 04:30:14.400000+00:00,57
1399,B,2019-01-11 05:04:42.283000+00:00,57
1400,C,2019-01-11 05:33:24.468000+00:00,57
1401,A,2019-01-11 06:02:53.821000+00:00,57
1402,D,2019-01-11 06:33:57.390000+00:00,57
1403,F,2019-01-11 07:05:56.333000+00:00,57
1404,E,2019-01-11 07:35:21.718000+00:00,57
1405,G,2019-01-11 08:09:21.876000+00:00,57
1406,I,2019-01-11 08:37:01.822000+00:00,57
1407,J,2019-01-11 09:10:35.555000+00:00,57
1408,L,2019-01-11 09:43:30.728000+00:00,57
1409,M,2019-01-11 10:15:28.738000+00:00,57
1410,N,2019-01-11 10:45:04.514000+00:00,57
1411,A,2019-01-11 05:40:00+00:00,65
1412,B,2019-01-11 06:06:29.187000+00:00,65
1413,C,2019-01-11 06:34:47.776000+00:00,65
1414,A,2019-01-11 07:07:32.970000+00:00,65
1415,B,2019-01-11 07:37:35.116000+00:00,65
1416,C,2019-01-11 08:07:44.982000+00:00,65
1417,A,2019-01-11 08:35:09.936000+00:00,65
1418,D,2019-01-11 09:08:51.855000+00:00,65
1419,F,2019-01-11 09:40:03.120000+00:00,65
1420,E,2019-01-11 10:12:11.630000+00:00,65
1421,G,2019-01-11 10:40:26.504000+00:00,65
1422,I,2019-01-11 11:12:44.986000+00:00,65
1423,J,2019-01-11 11:44:34.758000+00:00,65
1424,L,2019-01-11 12:14:54.844000+00:00,65
1425,M,2019-01-11 12:46:15.725000+00:00,65
1426,N,2019-01-11 13:21:06.164000+00:00,65
1427,A,2019-01-11 03:20:00+00:00,58
1428,B,2019-01-11 03:50:17.110000+00:00,58
1429,C,2019-01-11 04:20:51.873000+00:00,58
1430,A,2019-01-11 04:46:51.310000+00:00,58
1431,B,2019-01-11 05:17:06.128000+00:00,58
1432,C,2019-01-11 05:40:53.832000+00:00,58
1433,A,2019-01-11 06:07:15.844000+00:00,58
1434,B,2019-01-11 06:32:46.087000+00:00,58
1435,C,2019-01-11 07:09:33.094000+00:00,58
1436,A,2019-01-11 07:44:33.370000+00:00,58
1437,B,2019-01-11 08:14:55.786000+00:00,58
1438,C,2019-01-11 08:44:19.672000+00:00,58
1439,A,2019-01-11 09:15:55.444000+00:00,58
1440,B,2019-01-11 09:42:57.058000+00:00,58
1441,C,2019-01-11 10:13:58.528000+00:00,58
1442,A,2019-01-11 10:49:48.708000+00:00,58
1443,D,2019-01-11 11:23:41.287000+00:00,58
1444,F,2019-01-11 11:51:16.666000+00:00,58
1445,E,2019-01-11 12:22:58.086000+00:00,58
1446,G,2019-01-11 12:55:08.606000+00:00,58
1447,I,2019-01-11 13:23:24.513000+00:00,58
1448,J,2019-01-11 13:50:26.470000+00:00,58
1449,K,2019-01-11 14:20:44.117000+00:00,58
1450,M,2019-01-11 14:55:38.819000+00:00,58
1451,O,2019-01-11 15:27:15.950000+00:00,58
1452,A,2019-01-11 04:00:00+00:00,60
1453,B,2019-01-11 04:33:47.351000+00:00,60
1454,C,2019-01-11 05:03:23.863000+00:00,60
1455,A,2019-01-11 05:37:30.255000+00:00,60
1456,D,2019-01-11 06:06:19.174000+00:00,60
1457,F,2019-01-11 06:37:09.707000+00:00,60
1458,E,2019-01-11 07:10:20.777000+00:00,60
1459,G,2019-01-11 07:44:45.052000+00:00,60
1460,I,2019-01-11 08:12:50.440000+00:00,60
1461,J,2019-01-11 08:40:00.474000+00:00,60
1462,K,2019-01-11 09:09:32.656000+00:00,60
1463,M,2019-01-11 09:36:39.083000+00:00,60
1464,O,2019-01-11 10:05:04.565000+00:00,60
1465,A,2019-01-11 16:00:00+00:00,96
1466,B,2019-01-11 16:37:32.196000+00:00,96
1467,C,2019-01-11 17:08:47.736000+00:00,96
1468,A,2019-01-11 17:38:20.899000+00:00,96
1469,D,2019-01-11 18:08:43.676000+00:00,96
1470,F,2019-01-11 18:38:13.836000+00:00,96
1471,E,2019-01-11 19:09:14.224000+00:00,96
1472,G,2019-01-11 19:42:14.283000+00:00,96
1473,I,2019-01-11 20:10:16.263000+00:00,96
1474,J,2019-01-11 20:37:38.864000+00:00,96
1475,K,2019-01-11 21:08:05.069000+00:00,96
1476,M,2019-01-11 21:38:26.192000+00:00,96
1477,O,2019-01-11 22:09:06.790000+00:00,96
1478,A,2019-01-11 18:00:00+00:00,102
1479,B,2019-01-11 18:29:29.695000+00:00,102
1480,C,2019-01-11 18:58:16.256000+00:00,102
1481,A,2019-01-11 19:25:05.364000+00:00,102
1482,D,2019-01-11 19:52:38.981000+00:00,102
1483,F,2019-01-11 20:25:29.460000+00:00,102
1484,E,2019-01-11 20:57:53.544000+00:00,102
1485,G,2019-01-11 21:29:10.722000+00:00,102
1486,I,2019-01-11 21:58:48.096000+00:00,102
1487,J,2019-01-11 22:27:14.531000+00:00,102
1488,K,2019-01-11 23:00:16.927000+00:00,102
1489,M,2019-01-11 23:33:06.409000+00:00,102
1490,O,2019-01-11 23:59:53.654000+00:00,102
1491,A,2019-01-12 01:00:00+00:00,123
1492,B,2019-01-12 01:29:04.136000+00:00,123
1493,C,2019-01-12 02:00:30.646000+00:00,123
1494,A,2019-01-12 02:26:26.111000+00:00,123
1495,D,2019-01-12 02:53:31.230000+00:00,123
1496,F,2019-01-12 03:21:57.632000+00:00,123
1497,E,2019-01-12 03:49:24.878000+00:00,123
1498,G,2019-01-12 04:18:13.934000+00:00,123
1499,I,2019-01-12 04:47:15.021000+00:00,123
1500,J,2019-01-12 05:18:15.223000+00:00,123
1501,K,2019-01-12 05:49:18.716000+00:00,123
1502,M,2019-01-12 06:20:50.850000+00:00,123
1503,O,2019-01-12 06:51:05.447000+00:00,123
1504,A,2019-01-11 06:20:00+00:00,67
1505,B,2019-01-11 06:54:15.134000+00:00,67
1506,C,2019-01-11 07:24:46.033000+00:00,67
1507,A,2019-01-11 07:59:49.582000+00:00,67
1508,B,2019-01-11 08:30:03.626000+00:00,67
1509,C,2019-01-11 08:57:43.444000+00:00,67
1510,A,2019-01-11 09:31:30.053000+00:00,67
1511,D,2019-01-11 10:06:18.578000+00:00,67
1512,F,2019-01-11 10:35:42.285000+00:00,67
1513,E,2019-01-11 11:06:51.476000+00:00,67
1514,G,2019-01-11 11:35:24.435000+00:00,67
1515,I,2019-01-11 12:04:56.449000+00:00,67
1516,J,2019-01-11 12:34:28.425000+00:00,67
1517,K,2019-01-11 13:08:00.501000+00:00,67
1518,M,2019-01-11 13:40:23.230000+00:00,67
1519,O,2019-01-11 14:07:50.307000+00:00,67
1520,A,2019-01-11 07:40:00+00:00,71
1521,B,2019-01-11 08:09:13.233000+00:00,71
1522,C,2019-01-11 08:38:59.545000+00:00,71
1523,A,2019-01-11 09:12:38.042000+00:00,71
1524,D,2019-01-11 09:43:50.195000+00:00,71
1525,F,2019-01-11 10:12:36.429000+00:00,71
1526,E,2019-01-11 10:45:00.617000+00:00,71
1527,G,2019-01-11 11:16:35.578000+00:00,71
1528,I,2019-01-11 11:50:04.788000+00:00,71
1529,J,2019-01-11 12:24:02.485000+00:00,71
1530,K,2019-01-11 12:53:46.919000+00:00,71
1531,M,2019-01-11 13:24:16.988000+00:00,71
1532,N,2019-01-11 13:52:52.393000+00:00,71
1533,A,2019-01-11 08:40:00+00:00,74
1534,B,2019-01-11 09:11:13.785000+00:00,74
1535,C,2019-01-11 09:37:57.159000+00:00,74
1536,A,2019-01-11 10:10:45.383000+00:00,74
1537,D,2019-01-11 10:41:57.161000+00:00,74
1538,F,2019-01-11 11:10:51.313000+00:00,74
1539,E,2019-01-11 11:35:02.567000+00:00,74
1540,G,2019-01-11 12:04:47.810000+00:00,74
1541,I,2019-01-11 12:37:17.960000+00:00,74
1542,J,2019-01-11 13:04:02.278000+00:00,74
1543,K,2019-01-11 13:33:03.089000+00:00,74
1544,M,2019-01-11 14:03:35.030000+00:00,74
1545,N,2019-01-11 14:30:08.566000+00:00,74
1546,A,2019-01-12 01:20:00+00:00,124
1547,B,2019-01-12 01:56:32.317000+00:00,124
1548,C,2019-01-12 02:23:26.474000+00:00,124
1549,A,2019-01-12 02:54:41.379000+00:00,124
1550,D,2019-01-12 03:26:18.407000+00:00,124
1551,F,2019-01-12 03:55:33.438000+00:00,124
1552,E,2019-01-12 04:28:26.611000+00:00,124
1553,G,2019-01-12 05:00:38.369000+00:00,124
1554,I,2019-01-12 05:33:38.281000+00:00,124
1555,J,2019-01-12 06:03:14.900000+00:00,124
1556,K,2019-01-12 06:33:04.381000+00:00,124
1557,M,2019-01-12 07:05:15.211000+00:00,124
1558,N,2019-01-12 07:35:47.335000+00:00,124
1559,A,2019-01-12 05:40:00+00:00,137
1560,B,2019-01-12 06:07:55.422000+00:00,137
1561,C,2019-01-12 06:40:04.427000+00:00,137
1562,A,2019-01-12 07:09:09.319000+00:00,137
1563,D,2019-01-12 07:38:30.280000+00:00,137
1564,F,2019-01-12 08:06:48.184000+00:00,137
1565,E,2019-01-12 08:36:16.409000+00:00,137
1566,G,2019-01-12 09:07:05.721000+00:00,137
1567,I,2019-01-12 09:36:59.637000+00:00,137
1568,J,2019-01-12 10:07:51.194000+00:00,137
1569,K,2019-01-12 10:37:22.994000+00:00,137
1570,M,2019-01-12 11:10:00.998000+00:00,137
1571,N,2019-01-12 11:41:12.466000+00:00,137
1572,A,2019-01-12 14:00:00+00:00,162
1573,B,2019-01-12 14:27:01.726000+00:00,162
1574,C,2019-01-12 15:00:45.127000+00:00,162
1575,A,2019-01-12 15:29:54.812000+00:00,162
1576,D,2019-01-12 16:02:48.285000+00:00,162
1577,F,2019-01-12 16:34:40.582000+00:00,162
1578,E,2019-01-12 17:07:28.239000+00:00,162
1579,G,2019-01-12 17:39:29.202000+00:00,162
1580,I,2019-01-12 18:14:37.228000+00:00,162
1581,J,2019-01-12 18:50:54.657000+00:00,162
1582,K,2019-01-12 19:23:57.106000+00:00,162
1583,M,2019-01-12 19:54:31.771000+00:00,162
1584,N,2019-01-12 20:22:26.437000+00:00,162
1585,A,2019-01-11 10:00:00+00:00,78
1586,B,2019-01-11 10:30:51.435000+00:00,78
1587,C,2019-01-11 11:05:42.591000+00:00,78
1588,A,2019-01-11 11:35:57.356000+00:00,78
1589,B,2019-01-11 12:07:20.923000+00:00,78
1590,C,2019-01-11 12:36:54.901000+00:00,78
1591,A,2019-01-11 13:09:36.610000+00:00,78
1592,B,2019-01-11 13:38:19.594000+00:00,78
1593,C,2019-01-11 14:07:36.756000+00:00,78
1594,A,2019-01-11 14:32:12.024000+00:00,78
1595,D,2019-01-11 15:00:34.770000+00:00,78
1596,F,2019-01-11 15:30:28.777000+00:00,78
1597,E,2019-01-11 15:57:58.887000+00:00,78
1598,G,2019-01-11 16:23:52.107000+00:00,78
1599,I,2019-01-11 16:54:55.345000+00:00,78
1600,J,2019-01-11 17:26:02.046000+00:00,78
1601,K,2019-01-11 17:58:56.061000+00:00,78
1602,M,2019-01-11 18:27:12.867000+00:00,78
1603,N,2019-01-11 18:59:09.202000+00:00,78
1604,A,2019-01-12 13:40:00+00:00,161
1605,B,2019-01-12 14:09:33.493000+00:00,161
1606,C,2019-01-12 14:37:05.865000+00:00,161
1607,A,2019-01-12 15:11:15.631000+00:00,161
1608,B,2019-01-12 15:40:45.119000+00:00,161
1609,C,2019-01-12 16:06:08.709000+00:00,161
1610,A,2019-01-12 16:32:58.041000+00:00,161
1611,B,2019-01-12 17:00:00.800000+00:00,161
1612,C,2019-01-12 17:31:04.953000+00:00,161
1613,A,2019-01-12 17:55:26.136000+00:00,161
1614,D,2019-01-12 18:20:45.509000+00:00,161
1615,F,2019-01-12 18:50:37.092000+00:00,161
1616,E,2019-01-12 19:23:56.810000+00:00,161
1617,G,2019-01-12 19:55:39.677000+00:00,161
1618,I,2019-01-12 20:26:11.354000+00:00,161
1619,J,2019-01-12 20:53:28.782000+00:00,161
1620,K,2019-01-12 21:20:49.034000+00:00,161
1621,M,2019-01-12 21:50:06.536000+00:00,161
1622,N,2019-01-12 22:21:57.154000+00:00,161
1623,A,2019-01-11 10:20:00+00:00,79
1624,B,2019-01-11 10:48:27.771000+00:00,79
1625,C,2019-01-11 11:17:53.662000+00:00,79
1626,A,2019-01-11 11:50:26.419000+00:00,79
1627,B,2019-01-11 12:20:05.493000+00:00,79
1628,C,2019-01-11 12:49:30.354000+00:00,79
1629,A,2019-01-11 13:17:17.938000+00:00,79
1630,D,2019-01-11 13:47:07.317000+00:00,79
1631,F,2019-01-11 14:17:15.122000+00:00,79
1632,E,2019-01-11 14:45:42.991000+00:00,79
1633,G,2019-01-11 15:14:29.809000+00:00,79
1634,I,2019-01-11 15:45:24.743000+00:00,79
1635,J,2019-01-11 16:19:07.639000+00:00,79
1636,L,2019-01-11 16:48:47.546000+00:00,79
1637,M,2019-01-11 17:24:29.887000+00:00,79
1638,O,2019-01-11 17:56:35.990000+00:00,79
1639,A,2019-01-13 12:00:00+00:00,228
1640,B,2019-01-13 12:26:11.311000+00:00,228
1641,C,2019-01-13 13:01:06.209000+00:00,228
1642,A,2019-01-13 13:29:57.733000+00:00,228
1643,B,2019-01-13 14:05:25.286000+00:00,228
1644,C,2019-01-13 14:37:01.174000+00:00,228
1645,A,2019-01-13 15:11:47.342000+00:00,228
1646,D,2019-01-13 15:43:02.934000+00:00,228
1647,F,2019-01-13 16:12:39.123000+00:00,228
1648,E,2019-01-13 16:42:32.223000+00:00,228
1649,G,2019-01-13 17:10:19.006000+00:00,228
1650,I,2019-01-13 17:38:57.241000+00:00,228
1651,J,2019-01-13 18:12:09.414000+00:00,228
1652,L,2019-01-13 18:45:43.261000+00:00,228
1653,M,2019-01-13 19:11:07.833000+00:00,228
1654,O,2019-01-13 19:40:27.403000+00:00,228
1655,A,2019-01-11 11:20:00+00:00,82
1656,B,2019-01-11 11:44:58.231000+00:00,82
1657,C,2019-01-11 12:17:02.609000+00:00,82
1658,A,2019-01-11 12:45:17.645000+00:00,82
1659,B,2019-01-11 13:12:24.666000+00:00,82
1660,C,2019-01-11 13:40:01.971000+00:00,82
1661,A,2019-01-11 14:10:48.045000+00:00,82
1662,D,2019-01-11 14:44:40.544000+00:00,82
1663,F,2019-01-11 15:12:46.967000+00:00,82
1664,E,2019-01-11 15:42:03.802000+00:00,82
1665,G,2019-01-11 16:11:47.860000+00:00,82
1666,I,2019-01-11 16:40:31.212000+00:00,82
1667,J,2019-01-11 17:08:23.796000+00:00,82
1668,K,2019-01-11 17:39:50.059000+00:00,82
1669,M,2019-01-11 18:10:58.037000+00:00,82
1670,N,2019-01-11 18:41:24.858000+00:00,82
1671,A,2019-01-11 21:40:00+00:00,113
1672,B,2019-01-11 22:11:22.184000+00:00,113
1673,C,2019-01-11 22:39:44.535000+00:00,113
1674,A,2019-01-11 23:09:30.901000+00:00,113
1675,B,2019-01-11 23:35:31.599000+00:00,113
1676,C,2019-01-12 00:10:55.581000+00:00,113
1677,A,2019-01-12 00:39:04.589000+00:00,113
1678,D,2019-01-12 01:07:32.957000+00:00,113
1679,F,2019-01-12 01:35:04.372000+00:00,113
1680,E,2019-01-12 02:06:07.823000+00:00,113
1681,G,2019-01-12 02:34:17.088000+00:00,113
1682,I,2019-01-12 03:02:56.280000+00:00,113
1683,J,2019-01-12 03:37:09.671000+00:00,113
1684,K,2019-01-12 04:05:15.510000+00:00,113
1685,M,2019-01-12 04:30:34.543000+00:00,113
1686,N,2019-01-12 05:01:58.484000+00:00,113
1687,A,2019-01-12 04:20:00+00:00,133
1688,B,2019-01-12 04:50:39.690000+00:00,133
1689,C,2019-01-12 05:21:08.286000+00:00,133
1690,A,2019-01-12 05:53:34.076000+00:00,133
1691,B,2019-01-12 06:22:38.933000+00:00,133
1692,C,2019-01-12 06:55:31.447000+00:00,133
1693,A,2019-01-12 07:23:43.407000+00:00,133
1694,D,2019-01-12 08:00:08.056000+00:00,133
1695,F,2019-01-12 08:28:01.972000+00:00,133
1696,E,2019-01-12 08:54:19.998000+00:00,133
1697,G,2019-01-12 09:24:36.652000+00:00,133
1698,I,2019-01-12 09:51:18.808000+00:00,133
1699,J,2019-01-12 10:20:18.995000+00:00,133
1700,K,2019-01-12 10:49:22.225000+00:00,133
1701,M,2019-01-12 11:18:22.117000+00:00,133
1702,N,2019-01-12 11:47:15.002000+00:00,133
1703,A,2019-01-11 14:00:00+00:00,90
1704,B,2019-01-11 14:31:01.685000+00:00,90
1705,C,2019-01-11 15:02:06.084000+00:00,90
1706,A,2019-01-11 15:28:46.581000+00:00,90
1707,B,2019-01-11 15:54:47.811000+00:00,90
1708,C,2019-01-11 16:25:16.537000+00:00,90
1709,A,2019-01-11 16:52:34.937000+00:00,90
1710,B,2019-01-11 17:19:50.488000+00:00,90
1711,C,2019-01-11 17:48:00.784000+00:00,90
1712,A,2019-01-11 18:19:29.974000+00:00,90
1713,D,2019-01-11 18:50:42.302000+00:00,90
1714,F,2019-01-11 19:21:04.767000+00:00,90
1715,E,2019-01-11 19:51:02.904000+00:00,90
1716,G,2019-01-11 20:16:48.679000+00:00,90
1717,I,2019-01-11 20:42:59.450000+00:00,90
1718,J,2019-01-11 21:14:04.318000+00:00,90
1719,L,2019-01-11 21:42:48.099000+00:00,90
1720,M,2019-01-11 22:05:54.109000+00:00,90
1721,O,2019-01-11 22:40:46.232000+00:00,90
1722,A,2019-01-11 16:40:00+00:00,98
1723,B,2019-01-11 17:11:46.968000+00:00,98
1724,C,2019-01-11 17:44:17.883000+00:00,98
1725,A,2019-01-11 18:17:15.696000+00:00,98
1726,B,2019-01-11 18:44:40.456000+00:00,98
1727,C,2019-01-11 19:13:09.718000+00:00,98
1728,A,2019-01-11 19:43:27.051000+00:00,98
1729,B,2019-01-11 20:10:19.565000+00:00,98
1730,C,2019-01-11 20:39:23.152000+00:00,98
1731,A,2019-01-11 21:09:56.920000+00:00,98
1732,B,2019-01-11 21:41:45.948000+00:00,98
1733,C,2019-01-11 22:09:28.630000+00:00,98
1734,A,2019-01-11 22:39:23.908000+00:00,98
1735,B,2019-01-11 23:10:12.319000+00:00,98
1736,C,2019-01-11 23:40:06.240000+00:00,98
1737,A,2019-01-12 00:07:12.155000+00:00,98
1738,D,2019-01-12 00:36:40.057000+00:00,98
1739,F,2019-01-12 01:04:46.575000+00:00,98
1740,E,2019-01-12 01:35:54.578000+00:00,98
1741,G,2019-01-12 02:07:39.362000+00:00,98
1742,H,2019-01-12 02:34:54.373000+00:00,98
1743,A,2019-01-11 17:40:00+00:00,101
1744,B,2019-01-11 18:11:32.629000+00:00,101
1745,C,2019-01-11 18:47:34.903000+00:00,101
1746,A,2019-01-11 19:18:35.479000+00:00,101
1747,B,2019-01-11 19:50:02.754000+00:00,101
1748,C,2019-01-11 20:20:28.292000+00:00,101
1749,A,2019-01-11 20:46:51.932000+00:00,101
1750,B,2019-01-11 21:19:17.576000+00:00,101
1751,C,2019-01-11 21:53:04.222000+00:00,101
1752,A,2019-01-11 22:18:21.123000+00:00,101
1753,B,2019-01-11 22:50:14.559000+00:00,101
1754,C,2019-01-11 23:19:30.659000+00:00,101
1755,A,2019-01-11 23:47:15.206000+00:00,101
1756,B,2019-01-12 00:22:05.025000+00:00,101
1757,C,2019-01-12 00:54:35.218000+00:00,101
1758,A,2019-01-12 01:27:10.679000+00:00,101
1759,B,2019-01-12 01:54:34.484000+00:00,101
1760,C,2019-01-12 02:27:24.040000+00:00,101
1761,A,2019-01-12 02:53:37.360000+00:00,101
1762,B,2019-01-12 03:15:06.726000+00:00,101
1763,C,2019-01-12 03:44:30.382000+00:00,101
1764,A,2019-01-12 04:10:33.749000+00:00,101
1765,D,2019-01-12 04:34:28.491000+00:00,101
1766,F,2019-01-12 05:05:09.511000+00:00,101
1767,E,2019-01-12 05:31:52.136000+00:00,101
1768,G,2019-01-12 06:03:35.623000+00:00,101
1769,H,2019-01-12 06:34:34.003000+00:00,101
1770,A,2019-01-12 02:20:00+00:00,127
1771,B,2019-01-12 02:49:08.031000+00:00,127
1772,C,2019-01-12 03:18:22.795000+00:00,127
1773,A,2019-01-12 03:50:24.368000+00:00,127
1774,B,2019-01-12 04:13:56.503000+00:00,127
1775,C,2019-01-12 04:40:34.969000+00:00,127
1776,A,2019-01-12 05:13:51.620000+00:00,127
1777,B,2019-01-12 05:43:50.205000+00:00,127
1778,C,2019-01-12 06:12:06.636000+00:00,127
1779,A,2019-01-12 06:40:26.062000+00:00,127
1780,B,2019-01-12 07:10:11.158000+00:00,127
1781,C,2019-01-12 07:41:01.434000+00:00,127
1782,A,2019-01-12 08:18:59.089000+00:00,127
1783,B,2019-01-12 08:51:03.275000+00:00,127
1784,C,2019-01-12 09:14:23.990000+00:00,127
1785,A,2019-01-12 09:42:18.741000+00:00,127
1786,B,2019-01-12 10:17:28.983000+00:00,127
1787,C,2019-01-12 10:44:32.686000+00:00,127
1788,A,2019-01-12 11:16:27.204000+00:00,127
1789,B,2019-01-12 11:49:49.264000+00:00,127
1790,C,2019-01-12 12:19:55.864000+00:00,127
1791,A,2019-01-12 12:50:03.234000+00:00,127
1792,B,2019-01-12 13:20:07.358000+00:00,127
1793,C,2019-01-12 13:45:35.672000+00:00,127
1794,A,2019-01-12 14:11:50.067000+00:00,127
1795,B,2019-01-12 14:45:38.166000+00:00,127
1796,C,2019-01-12 15:22:20.586000+00:00,127
1797,A,2019-01-12 15:54:49.656000+00:00,127
1798,D,2019-01-12 16:28:40.506000+00:00,127
1799,F,2019-01-12 16:59:37.724000+00:00,127
1800,E,2019-01-12 17:32:10.343000+00:00,127
1801,G,2019-01-12 18:04:34.194000+00:00,127
1802,I,2019-01-12 18:32:26.580000+00:00,127
1803,J,2019-01-12 19:03:45.631000+00:00,127
1804,L,2019-01-12 19:34:01.240000+00:00,127
1805,M,2019-01-12 20:04:33.845000+00:00,127
1806,N,2019-01-12 20:34:11.357000+00:00,127
1807,A,2019-01-12 02:40:00+00:00,128
1808,B,2019-01-12 03:12:38.879000+00:00,128
1809,C,2019-01-12 03:46:03.215000+00:00,128
1810,A,2019-01-12 04:15:25.443000+00:00,128
1811,B,2019-01-12 04:48:41.786000+00:00,128
1812,C,2019-01-12 05:18:45.406000+00:00,128
1813,A,2019-01-12 05:52:48.662000+00:00,128
1814,B,2019-01-12 06:18:40.194000+00:00,128
1815,C,2019-01-12 06:56:27.062000+00:00,128
1816,A,2019-01-12 07:22:45.532000+00:00,128
1817,D,2019-01-12 07:54:47.601000+00:00,128
1818,F,2019-01-12 08:25:09.554000+00:00,128
1819,E,2019-01-12 08:55:45.340000+00:00,128
1820,G,2019-01-12 09:20:52.203000+00:00,128
1821,I,2019-01-12 09:48:47.015000+00:00,128
1822,J,2019-01-12 10:21:56.382000+00:00,128
1823,L,2019-01-12 10:53:28.761000+00:00,128
1824,M,2019-01-12 11:20:56.282000+00:00,128
1825,N,2019-01-12 11:49:30.668000+00:00,128
1826,I,2019-01-12 07:28:50.680000+00:00,135
1827,J,2019-01-12 07:57:18.405000+00:00,135
1828,K,2019-01-12 08:32:37.245000+00:00,135
1829,M,2019-01-12 08:58:20.871000+00:00,135
1830,O,2019-01-12 09:31:03.049000+00:00,135
1831,E,2019-01-12 14:10:33.812000+00:00,158
1832,G,2019-01-12 14:42:47.194000+00:00,158
1833,H,2019-01-12 15:12:24.305000+00:00,158
1834,A,2019-01-12 14:20:00+00:00,163
1835,B,2019-01-12 14:48:36.888000+00:00,163
1836,C,2019-01-12 15:19:01.982000+00:00,163
1837,A,2019-01-12 15:46:53.749000+00:00,163
1838,B,2019-01-12 16:17:38.472000+00:00,163
1839,C,2019-01-12 16:50:20.342000+00:00,163
1840,A,2019-01-12 17:16:59.913000+00:00,163
1841,B,2019-01-12 17:46:03.552000+00:00,163
1842,C,2019-01-12 18:17:38.592000+00:00,163
1843,A,2019-01-12 18:49:32.715000+00:00,163
1844,B,2019-01-12 19:16:25.555000+00:00,163
1845,C,2019-01-12 19:39:30.209000+00:00,163
1846,A,2019-01-12 20:07:22.918000+00:00,163
1847,D,2019-01-12 20:39:14.510000+00:00,163
1848,F,2019-01-12 21:10:42.676000+00:00,163
1849,E,2019-01-12 21:43:42.683000+00:00,163
1850,G,2019-01-12 22:09:36.384000+00:00,163
1851,I,2019-01-12 22:36:17.633000+00:00,163
1852,J,2019-01-12 23:07:05.400000+00:00,163
1853,L,2019-01-12 23:39:32.265000+00:00,163
1854,M,2019-01-13 00:08:46.276000+00:00,163
1855,N,2019-01-13 00:39:50.887000+00:00,163
1856,E,2019-01-12 15:57:44.340000+00:00,159
1857,G,2019-01-12 16:26:56.589000+00:00,159
1858,I,2019-01-12 16:56:46.195000+00:00,159
1859,J,2019-01-12 17:25:07.445000+00:00,159
1860,K,2019-01-12 17:49:07.088000+00:00,159
1861,M,2019-01-12 18:19:39.786000+00:00,159
1862,N,2019-01-12 18:43:40.141000+00:00,159
1863,A,2019-01-12 21:20:00+00:00,184
1864,D,2019-01-12 21:43:54.807000+00:00,184
1865,F,2019-01-12 22:12:12.824000+00:00,184
1866,E,2019-01-12 22:39:19.636000+00:00,184
1867,G,2019-01-12 23:14:07.370000+00:00,184
1868,A,2019-01-15 04:00:00+00:00,348
1869,D,2019-01-15 04:28:21.979000+00:00,348
1870,F,2019-01-15 04:58:14.779000+00:00,348
1871,E,2019-01-15 05:31:13.519000+00:00,348
1872,G,2019-01-15 06:01:40.822000+00:00,348
1873,A,2019-01-13 07:20:00+00:00,214
1874,D,2019-01-13 07:47:05.699000+00:00,214
1875,F,2019-01-13 08:17:27.292000+00:00,214
1876,A,2019-01-13 18:00:00+00:00,246
1877,B,2019-01-13 18:26:37.811000+00:00,246
1878,C,2019-01-13 19:00:23.608000+00:00,246
1879,A,2019-01-13 19:33:35.808000+00:00,246
1880,B,2019-01-13 19:57:36.513000+00:00,246
1881,C,2019-01-13 20:17:14.012000+00:00,246
1882,A,2019-01-13 20:45:07.842000+00:00,246
1883,F,2019-01-13 20:26:35.271000+00:00,241
1884,E,2019-01-13 20:53:30.698000+00:00,241
1885,G,2019-01-13 21:21:28.681000+00:00,241
1886,I,2019-01-13 21:51:24.674000+00:00,241
1887,J,2019-01-13 22:21:50.240000+00:00,241
1888,L,2019-01-13 22:52:39.463000+00:00,241
1889,M,2019-01-13 23:22:36.925000+00:00,241
1890,O,2019-01-13 23:51:20.407000+00:00,241
1891,A,2019-01-14 04:00:00+00:00,276
1892,B,2019-01-14 04:30:29.457000+00:00,276
1893,C,2019-01-14 04:57:06.218000+00:00,276
1894,A,2019-01-14 05:29:42.348000+00:00,276
1895,B,2019-01-14 06:00:13.471000+00:00,276
1896,C,2019-01-14 06:28:11.010000+00:00,276
1897,A,2019-01-14 09:40:00+00:00,293
1898,B,2019-01-14 10:10:11.283000+00:00,293
1899,C,2019-01-14 10:41:32.336000+00:00,293
1900,A,2019-01-14 11:11:46.007000+00:00,293
1901,B,2019-01-14 11:42:21.157000+00:00,293
1902,C,2019-01-14 12:11:54.424000+00:00,293
1903,A,2019-01-14 12:40:39.421000+00:00,293
1904,B,2019-01-14 13:08:20.150000+00:00,293
1905,C,2019-01-14 13:36:35.109000+00:00,293
1906,A,2019-01-14 14:04:45.271000+00:00,293
1907,B,2019-01-14 14:38:54.085000+00:00,293
1908,C,2019-01-14 15:06:57.852000+00:00,293
1909,A,2019-01-14 15:37:28.185000+00:00,293
1910,D,2019-01-14 16:11:02.225000+00:00,293
1911,F,2019-01-14 16:36:49.860000+00:00,293
1912,E,2019-01-14 17:06:53.843000+00:00,293
1913,G,2019-01-14 17:39:36.595000+00:00,293
1914,I,2019-01-14 18:09:06.508000+00:00,293
1915,J,2019-01-14 18:39:16.770000+00:00,293
1916,K,2019-01-14 19:11:13.198000+00:00,293
1917,M,2019-01-14 19:42:37.084000+00:00,293
1918,N,2019-01-14 20:15:43.583000+00:00,293
1919,A,2019-01-14 17:40:00+00:00,317
1920,B,2019-01-14 18:15:28.370000+00:00,317
1921,C,2019-01-14 18:46:28.315000+00:00,317
1922,A,2019-01-14 19:16:31.023000+00:00,317
1923,B,2019-01-14 19:51:37.249000+00:00,317
1924,C,2019-01-14 20:23:18.954000+00:00,317
1925,A,2019-01-14 20:52:25.715000+00:00,317
1926,D,2019-01-14 21:17:47.963000+00:00,317
1927,I,2019-01-15 01:15:48.470000+00:00,332
1928,J,2019-01-15 01:42:12.058000+00:00,332
1929,L,2019-01-15 02:10:21.185000+00:00,332
1930,M,2019-01-15 02:42:59.080000+00:00,332
1931,O,2019-01-15 03:20:55.860000+00:00,332
1932,I,2019-01-15 08:38:51.034000+00:00,354
1933,J,2019-01-15 09:13:05.377000+00:00,354
1934,K,2019-01-15 09:39:03.387000+00:00,354
1935,M,2019-01-15 10:08:35.062000+00:00,354
1936,N,2019-01-15 10:31:16.953000+00:00,354
1937,A,2019-01-19 16:00:00+00:00,644
1938,B,2019-01-19 16:27:16.121000+00:00,644
1939,C,2019-01-19 17:02:18.675000+00:00,644
1940,A,2019-01-19 17:31:02.454000+00:00,644
1941,B,2019-01-19 18:02:49.735000+00:00,644
1942,C,2019-01-19 18:29:53.363000+00:00,644
1943,A,2019-01-19 18:59:56.590000+00:00,644
1944,B,2019-01-19 19:25:57.973000+00:00,644
1945,C,2019-01-19 19:49:27.811000+00:00,644
1946,A,2019-01-19 20:12:44.230000+00:00,644
1947,B,2019-01-19 20:43:55.425000+00:00,644
1948,C,2019-01-19 21:15:57.786000+00:00,644
1949,A,2019-01-19 21:46:39.592000+00:00,644
1950,B,2019-01-19 22:10:03.391000+00:00,644
1951,C,2019-01-19 22:42:41.648000+00:00,644
1952,A,2019-01-19 23:12:43.124000+00:00,644
1953,B,2019-01-19 23:41:28.861000+00:00,644
1954,C,2019-01-20 00:11:21.137000+00:00,644
1955,A,2019-01-20 00:43:08.209000+00:00,644
1956,B,2019-01-20 01:12:51.790000+00:00,644
1957,C,2019-01-20 01:44:36.832000+00:00,644
1958,A,2019-01-20 02:10:28.609000+00:00,644
1959,B,2019-01-20 02:46:07.553000+00:00,644
1960,C,2019-01-20 03:19:43.446000+00:00,644
1961,A,2019-01-20 03:49:49.067000+00:00,644
1962,D,2019-01-20 04:17:41.338000+00:00,644
1963,F,2019-01-20 04:53:35.531000+00:00,644
1964,E,2019-01-20 05:23:36.063000+00:00,644
1965,G,2019-01-20 05:54:26.877000+00:00,644
1966,I,2019-01-20 06:24:52.534000+00:00,644
1967,J,2019-01-20 06:53:22.280000+00:00,644
1968,L,2019-01-20 07:21:19.837000+00:00,644
1969,M,2019-01-20 07:55:55.052000+00:00,644
1970,O,2019-01-20 08:25:25.965000+00:00,644
1971,D,2019-01-19 16:00:21.968000+00:00,638
1972,F,2019-01-19 16:26:49.231000+00:00,638
1973,E,2019-01-19 16:59:10.156000+00:00,638
1974,G,2019-01-19 17:30:32.417000+00:00,638
1975,H,2019-01-19 18:00:34.049000+00:00,638
1976,A,2019-01-20 12:20:00+00:00,705
1977,B,2019-01-20 12:45:45.952000+00:00,705
1978,C,2019-01-20 13:18:47.081000+00:00,705
1979,A,2019-01-20 13:45:54.125000+00:00,705
1980,B,2019-01-20 14:12:29.980000+00:00,705
1981,C,2019-01-20 14:41:31.400000+00:00,705
1982,A,2019-01-20 15:13:19.165000+00:00,705
1983,B,2019-01-20 15:47:41.512000+00:00,705
1984,C,2019-01-20 16:18:54.825000+00:00,705
1985,A,2019-01-20 16:47:25.599000+00:00,705
1986,B,2019-01-20 17:17:30.060000+00:00,705
1987,C,2019-01-20 17:41:53.915000+00:00,705
1988,A,2019-01-20 18:07:34.500000+00:00,705
1989,B,2019-01-20 18:36:46.726000+00:00,705
1990,C,2019-01-20 19:04:42.207000+00:00,705
1991,A,2019-01-20 19:35:26.421000+00:00,705
1992,B,2019-01-20 20:04:59.292000+00:00,705
1993,C,2019-01-20 20:37:26.938000+00:00,705
1994,A,2019-01-20 21:12:30.014000+00:00,705
1995,B,2019-01-20 21:38:45.024000+00:00,705
1996,C,2019-01-20 22:13:50.348000+00:00,705
1997,A,2019-01-20 22:46:16.842000+00:00,705
1998,D,2019-01-20 23:14:00.758000+00:00,705
1999,F,2019-01-20 23:40:18.232000+00:00,705
2000,E,2019-01-21 00:04:06.621000+00:00,705
2001,G,2019-01-21 00:34:47.901000+00:00,705
2002,I,2019-01-21 01:00:48.437000+00:00,705
2003,J,2019-01-21 01:28:44.202000+00:00,705
2004,L,2019-01-21 01:56:57.443000+00:00,705
2005,M,2019-01-21 02:32:05.146000+00:00,705
2006,O,2019-01-21 03:05:44.417000+00:00,705
2007,A,2019-01-22 05:00:00+00:00,827
2008,B,2019-01-22 05:30:48.757000+00:00,827
2009,C,2019-01-22 05:57:24.227000+00:00,827
2010,A,2019-01-22 06:27:56.044000+00:00,827
2011,A,2019-01-22 22:00:00+00:00,878
2012,B,2019-01-22 22:31:27.108000+00:00,878
2013,C,2019-01-22 23:00:39.420000+00:00,878
2014,A,2019-01-22 23:30:16.971000+00:00,878
2015,B,2019-01-22 23:56:18.425000+00:00,878
2016,C,2019-01-23 00:23:17.091000+00:00,878
2017,A,2019-01-23 00:51:24.226000+00:00,878
2018,B,2019-01-23 01:21:10.233000+00:00,878
2019,C,2019-01-23 01:49:32.796000+00:00,878
2020,A,2019-01-23 02:20:59.397000+00:00,878
2021,B,2019-01-23 02:47:30.613000+00:00,878
2022,C,2019-01-23 03:19:19.583000+00:00,878
2023,A,2019-01-23 03:49:39.574000+00:00,878
2024,D,2019-01-23 04:22:50.987000+00:00,878
2025,F,2019-01-23 04:53:54.809000+00:00,878
2026,E,2019-01-23 05:24:08.115000+00:00,878
2027,G,2019-01-23 05:54:22.346000+00:00,878
2028,I,2019-01-23 06:21:59.923000+00:00,878
2029,J,2019-01-23 06:51:11.725000+00:00,878
2030,L,2019-01-23 07:23:22.324000+00:00,878
2031,M,2019-01-23 07:50:50.815000+00:00,878
2032,O,2019-01-23 08:20:24.765000+00:00,878
2033,A,2019-01-23 00:00:00+00:00,884
2034,B,2019-01-23 00:28:11.658000+00:00,884
2035,C,2019-01-23 00:54:46.149000+00:00,884
2036,A,2019-01-23 01:24:18.810000+00:00,884
2037,B,2019-01-23 01:53:21.774000+00:00,884
2038,C,2019-01-23 02:26:21.070000+00:00,884
2039,A,2019-01-23 02:53:36.052000+00:00,884
2040,B,2019-01-23 03:22:35.038000+00:00,884
2041,C,2019-01-23 03:54:16.146000+00:00,884
2042,A,2019-01-23 04:28:40.065000+00:00,884
2043,B,2019-01-23 04:57:48.836000+00:00,884
2044,C,2019-01-23 05:28:16.875000+00:00,884
2045,A,2019-01-23 05:59:56.656000+00:00,884
2046,B,2019-01-23 06:28:07.777000+00:00,884
2047,C,2019-01-23 07:06:09.149000+00:00,884
2048,A,2019-01-23 07:34:00.844000+00:00,884
2049,D,2019-01-23 08:03:41.223000+00:00,884
2050,F,2019-01-23 08:32:46.348000+00:00,884
2051,E,2019-01-23 09:04:45.481000+00:00,884
2052,G,2019-01-23 09:34:56.886000+00:00,884
2053,I,2019-01-23 10:04:40.136000+00:00,884
2054,J,2019-01-23 10:32:57.419000+00:00,884
2055,L,2019-01-23 10:56:51.233000+00:00,884
2056,M,2019-01-23 11:22:47.918000+00:00,884
2057,O,2019-01-23 11:51:34.542000+00:00,884
2058,A,2019-01-23 07:40:00+00:00,907
2059,B,2019-01-23 08:11:20.942000+00:00,907
2060,C,2019-01-23 08:41:50.484000+00:00,907
2061,A,2019-01-23 09:09:00.744000+00:00,907
2062,B,2019-01-23 09:45:30.660000+00:00,907
2063,C,2019-01-23 10:14:26.807000+00:00,907
2064,A,2019-01-23 10:43:24.851000+00:00,907
2065,B,2019-01-23 11:15:43.268000+00:00,907
2066,C,2019-01-23 11:39:17.117000+00:00,907
2067,A,2019-01-23 12:09:39.280000+00:00,907
2068,B,2019-01-23 12:38:06.034000+00:00,907
2069,C,2019-01-23 13:05:33.916000+00:00,907
2070,A,2019-01-23 13:35:05.061000+00:00,907
2071,B,2019-01-23 14:05:16.398000+00:00,907
2072,C,2019-01-23 14:37:08.300000+00:00,907
2073,A,2019-01-23 15:08:02.078000+00:00,907
2074,D,2019-01-23 15:38:07.222000+00:00,907
2075,F,2019-01-23 16:10:54.570000+00:00,907
2076,E,2019-01-23 16:35:58.778000+00:00,907
2077,G,2019-01-23 17:09:03.217000+00:00,907
2078,I,2019-01-23 17:39:43.918000+00:00,907
2079,J,2019-01-23 18:06:45.977000+00:00,907
2080,L,2019-01-23 18:38:24.411000+00:00,907
2081,M,2019-01-23 19:10:27.198000+00:00,907
2082,N,2019-01-23 19:39:48.886000+00:00,907
